0,Luv luv luv uuuuuuuu
1,B·∫°n ca sƒ© h√°t hay l·∫Øm. Ch√∫c nh√≥m th√†nh c√¥ng nh√© !
2,C·∫£m ∆°n b·∫°n nha!
0,Em say qu√° anh ∆°iii
1,L√¢u ng√†y qu√° ch·∫Øc mn qu√™n m√¨nh r√≤i ü•∫
2,1.000 View √≤iii. Thanks m·ªçi ng∆∞·ªùi nhi·ªÅuuuu ‚ù§Ô∏è
3,Vjp ·∫°
4,M√¨nh c·∫£m ∆°n nh√©. Nh·ªõ ƒëƒÉng k√Ω k√™nh ƒë·ªÉ nh·∫≠n ƒëc Th√¥ng b√°o m·ªói khi m√¨nh ra vd n√®eee
5,Hay qu√° ·∫°aaaaü•∞
6,N c·∫£m ∆°n n√® :3
7,Th·ª≠ ƒë√∫ tiktok ƒëi bi·∫øt ƒë√¢u l·∫°i hot
8,ƒê·ªÉ n ƒëƒÉng th·ª≠ kkk
9,Fan c·ª©ng n√®
10,Hiiiihi :3
11,Hay qu√°aaa =))
12,Y√™uuuu :3
13,Cho tui xin link mua d√¢y voii c·∫≠u wui
14,Hay qu√° a nh√¢n ∆°i ><
15,L·∫ßn cu·ªëi ƒëi ch·ªã :33
16,ƒê·ªÉ a sau n√†y l√†m xong n·ªët m·∫•y b√†i kia ƒë√£
17,Perfect !!
18,Tksss :3
19,‚Äú H·∫°nh ph√∫c b·ªè r∆°i em ‚Äú ƒëi b ∆°i
20,Sau n√†y m√¨nh s·∫Ω l√†m ·∫°
21,like ƒë·∫ßu ti√™n luon ;-;
22,Tks b nha
23,"C·∫£m ∆°n mn ƒë√£ l·∫Øng nghe v√† gh√© qua ph·∫ßn b√¨nh lu·∫≠n n√†y, n·∫øu c√°c b·∫°n th·∫•y hay th√¨ cho m√¨nh 1 like v√† 1 l∆∞·ª£t Subcribe nh√©
-
M√¨nh c·∫£m ∆°n mn ƒë√£ ·ªßng h·ªô m√¨nh trong th·ªùi gian qua ‚ù§Ô∏è"
24,"Sao b·∫°n quay ƒë∆∞·ª£c d√¢y ƒë√†n n√≥ l∆∞·ª£n s√≥ng hay z·∫≠y,ch·ªâ v·ªõi b·∫°n quay b·∫±ng ph·∫ßn m·ªÅm g√¨ v·∫≠y c·∫£m ∆°n b·∫°n"
25,nguy·ªÖn c√¥ng danh ƒë√∫ng r b·∫°n. M√¨nh d√πng app Inshot ƒë·ªÉ ch·ªânh m√†u l·∫°i √°
26,@Nguy·ªÖn Thanh Nh√¢n √† t·∫°i th·∫•y b·∫°n quay tr·ªùi ƒë·∫πp b·∫°n ch·ªânh m√†u l·∫°i h·∫£
27,nguy·ªÖn c√¥ng danh m√¨nh d√πng ƒët IP quay camera th∆∞·ªùng √° b·∫°n. B·∫°n ch·ªâ c·∫ßn quay ra n·∫Øng l√† d√¢y ƒë√†n n√≥ l∆∞·ª£n s√≥ng √°.
28,B·∫°n c√≥ b·∫•m h·ª£p √¢m k hay l√† ƒë√†n tr√™n d√¢y th√¥i??
29,Thi Dep Cao m√¨nh ƒë√°nh nh∆∞ b√¨nh th∆∞·ªùng m·ªõi ƒë∆∞·ª£c ch·ª© b ü§£.
30,"Th·∫•p tho√°ng √°nh m·∫Øt ƒë√¥i m√¥i mang theo h∆∞∆°ng m√™ say
Em cho anh tan trong mi√™n man qu√™n lu√¥n ƒëi ƒë√™m ng√†y
Ch·∫°m nh·∫π v·ªôi v√†ng hai ba gi√¢y nh∆∞ng con tim ƒë√¢u hay
B·ªëi r·ªëi kh·∫Ω l√™n ng√¥i y√™u th∆∞∆°ng ƒëong ƒë·∫ßy th·∫≠t ƒë·∫ßy
Anh ng·∫©n ng∆° c·ª© ng·ª°
ƒê√≥ ch·ªâ l√† gi·∫•c m∆°
Anh ng·∫©n ng∆° c·ª© ng·ª°

Nh∆∞ng ƒëang ng·∫•t ng√¢y trong gi·∫•c m∆°
Th·∫≠t ng·ªçt ng√†o √™m d·ªãu ƒë·∫Øm ch√¨m ph√∫t ch·ªëc vi·∫øt t∆∞∆°ng t∆∞ gieo n√™n th∆°
C√≥ c√¢u ca trong gi√≥ h√°t ng√¢n nga ru tr·ªùi m√¢y nh·∫π nh√†ng ƒë√≥n ban mai ngang qua trao n·ª• c∆∞·ªùi
N·∫Øng ƒëua chen khoe s·∫Øc vui ƒë√πa gi·ªØa mu√¥n ng√†n hoa d·ªãu d√†ng ƒë·∫øn nh√¢n gian √¢u y·∫øm t√¢m h·ªìn ng∆∞·ªùi
H√¨nh nh∆∞ ch√≠nh em
Cho anh mong ch·ªù
H√¨nh nh∆∞ ch√≠nh em
Cho anh v·∫•n v∆∞∆°ng
ƒê·ª´ng th·ªù ∆° xin h√£y l·∫Øng nghe v√† gi√∫p anh tr·∫£ l·ªùi ƒë√¥i ƒëi·ªÅu c√≤n bƒÉn khoƒÉn
C√≥ ch·∫Øc y√™u l√† ƒë√¢y ƒë√¢y ƒë√¢y
C√≥ ch·∫Øc y√™u l√† ƒë√¢y ƒë√¢y 
C√≥ ch·∫Øc y√™u l√† ƒë√¢y ƒë√¢y ƒë√¢y
C√≥ ch·∫Øc y√™u l√† ƒë√¢y ƒë√¢y
Em lang thang c·∫£ ng√†y trong t√¢m tr√≠
ƒêi kh√¥ng ng·ª´ng c·∫£ ng√†y trong t√¢m tr√≠
Si m√™ th√™m cu·ªìng quay
Ah uhhhhh
C√≥ ch·∫Øc y√™u l√† ƒë√¢y"
31,C√≥ tab kh anh
32,"koutgg Nguyenbhh kh√¥ng c√≥ nh√© b·∫°n. Do m√¨nh ƒë√°nh ng·∫´u h·ª©ng theo c·∫£m √¢m √°.
C·∫£m ∆°n b·∫°n ƒë√£ ·ªßng h·ªô ·∫°"
33,Nh√¨n ng√≥n tay l∆∞·ªõt tr√™n ph√≠m ƒë√†n th·∫•y th√≠ch g√™. Mong ƒëc tt c√πng b·∫°nüëçüîî
34,b·∫°n ch∆°i guitar hay qu√° .tuy·ªát v·ªùi
35,PHAN THAI CUONG m√¨nh c·∫£m ∆°n b nhi·ªÅu ·∫°h
36,ƒê√£ sub ·∫°
37,SonTran TV tks b nha. M√¨nh sub cho b r ƒë·∫•y kkk
38,hi qu√° hay lu√¥n b·∫°n m√¨nh ∆°i hihi
39,C·∫£m ∆°n b nhi·ªÅu nhaa ‚ù§Ô∏è
40,"Lyrics cho b·∫°n n√†o c·∫ßn n√®: 

Anh d·ª´ng ch√¢n, ng∆∞·ªõc nh√¨n tr·ªùi cao ng√†n mu√¥n √°nh sao 
ƒê·ªÉ bu·ªìn ƒëau ph·ªß l√™n b·ªù vai hao g·∫ßy 
Ng√†y m√† ta r·ªùi xa, quay l∆∞ng v·ªÅ nhau 
Li·ªáu ƒë√£ c√≥ ai ngo·∫£nh l·∫°i 
C·∫£ hai b∆∞·ªõc ƒëi v·ªôi v√†ng, m·ªôt k·∫øt th√∫c l·ª° l√†ng cho ta.

N∆°i gi·ªçt s∆∞∆°ng v·∫´n n·∫±m l·∫°i tr√™n d√≤ng kh√≥e m·∫Øt em 
L·ª° m·ªôt gi√¢y, ng√†n nƒÉm th√¨ c≈©ng v·∫´n v·∫≠y 
D∆∞ √¢m ng√†y n√†o nh∆∞ v·∫´n c√≤n b√™n tai 
Nh∆∞ng nay ƒë√£ theo b√≥ng ai 
R·ªìi mai sau gi√† ƒëi li·ªáu anh c√≥ c√≤n ti·∫øc nu·ªëi.
 
Ng√†n l·∫ßn anh y·∫øu ƒëu·ªëi, ng√†n l·∫ßn ƒë·ªÉ n∆∞·ªõc m·∫Øt r∆°i 
ƒê·ªÉ r·ªìi ch·ª£t nh·∫≠n ra nƒÉm th√°ng kia c≈©ng ƒë√£ v·ªôi qua 

Ch·∫≠m l·∫°i m·ªôt gi√¢y cu·ªëi, ƒë·ªÉ anh ƒë∆∞·ª£c √¥m l·∫•y em 
V√¨ anh hi·ªÉu m√£i sau c≈©ng ch·∫≥ng t√¨m ƒë∆∞·ª£c ng∆∞·ªùi nh∆∞ em 
Ch·∫≥ng th·ªÉ t√¨m ƒë∆∞·ª£c em...

Bao ng√†y qua anh ho√†i ch√¨m trong h·ªìi ·ª©c ƒë√£ xa 
Ch·ª£t nh·∫≠n ra b·ªè qu√™n nh·ªØng th·ª© tr∆∞·ªõc m·∫∑t 
Ch·ªù ƒë·ª£i m·ªôt ng∆∞·ªùi c≈©ng ƒë√£ bao l√¢u 
D√π ƒë√£ bi·∫øt tr∆∞·ªõc s·∫Ω ch·∫≥ng t√¨m th·∫•y nhau 
ƒê·ªÉ r·ªìi anh c≈©ng ph·∫£i nh·∫≠n ra em ƒë√£ xa m√£i 

Ng√†n l·∫ßn anh y·∫øu ƒëu·ªëi,
Ng√†n l·∫ßn ƒë·ªÉ n∆∞·ªõc m·∫Øt r∆°i,
ƒê·ªÉ r·ªìi ch·ª£t nh·∫≠n ra nƒÉm th√°ng kia c≈©ng ƒë√£ v·ªôi qua 

Ch·∫≠m l·∫°i m·ªôt gi√¢y cu·ªëi,
ƒê·ªÉ anh ƒë∆∞·ª£c √¥m l·∫•y em 
V√¨ anh hi·ªÉu m√£i sau c≈©ng ch·∫≥ng t√¨m ƒë∆∞·ª£c ng∆∞·ªùi nh∆∞ em
Ch·∫≥ng th·ªÉ t√¨m ƒë∆∞·ª£c em..."
41,b√†i D√π Anh c√≥ Kh√≥c Ng√†n L·∫ßn ƒëi ·∫°
42,ƒê√°nh v√≤ng nh∆∞ n√†o v·∫≠y ·∫°
43,ƒëo·∫°n ƒë·∫ßu h∆°i cao
44,H∆°i th·∫•p ad ·∫°
45,1:32
46,xin h·ª£p √¢m
47,1:28
48,Th·∫•p qu√° kh√¥ng h√°t ƒë∆∞·ª£c üòÇ
49,M√¨nh c·∫£m ∆°n b·∫°n ƒë√£ ph·∫£n h·ªìi nha ! M√¨nh s·∫Ω c·ªë g·∫Øng l·∫ßn sau ·∫°‚ù§Ô∏è
50,"Anh d·ª´ng ch√¢n, ng∆∞·ªõc nh√¨n tr·ªùi cao ng√†n mu√¥n √°nh sao
ƒê·ªÉ bu·ªìn ƒëau ph·ªß l√™n b·ªù vai hao g·∫ßy
Ng√†y m√† ta r·ªùi xa, quay l∆∞ng v·ªÅ nhau
Li·ªáu ƒë√£ c√≥ ai ngo·∫£nh l·∫°i
C·∫£ hai b∆∞·ªõc ƒëi v·ªôi v√†ng, m·ªôt k·∫øt th√∫c l·ª° l√†ng cho ta
N∆°i gi·ªçt s∆∞∆°ng v·∫´n n·∫±m l·∫°i tr√™n d√≤ng kh√≥e m·∫Øt em
Li·ªáu m·ªôt gi√¢y, ng√†n nƒÉm th√¨ c≈©ng v·∫´n v·∫≠y
D∆∞ √¢m ng√†y n√†o nh∆∞ v·∫´n c√≤n b√™n tai
Nh·ªØng ng√†y ƒë√£ theo b√≥ng ai
R·ªìi mai sau ra ƒëi li·ªáu anh c√≥ c√≤n ti·∫øc nu·ªëi
Ng√†n l·∫ßn anh y·∫øu ƒëu·ªëi, ng√†n l·∫ßn ƒë·ªÉ n∆∞·ªõc m·∫Øt r∆°i
ƒê·ªÉ r·ªìi ch·ª£t nh·∫≠n ra nƒÉm th√°ng kia c≈©ng ƒë√£ v·ªôi qua
Ch·∫≠m l·∫°i m·ªôt gi√¢y cu·ªëi, ƒë·ªÉ anh ƒë∆∞·ª£c √¥m l·∫•y em
V√¨ anh hi·ªÉu m√£i sau c≈©ng ch·∫≥ng t√¨m ƒë∆∞·ª£c ng∆∞·ªùi nh∆∞ em
Ch·∫≥ng th·ªÉ t√¨m ƒë∆∞·ª£c em
Bao ng√†y qua anh ho√†i ch√¨m trong h·ªìi ·ª©c ƒë√£ xa
Ch·ª£t nh·∫≠n ra b·ªè qu√™n nh·ªØng th·ª© tr∆∞·ªõc m·∫∑t
Ch·ªù ƒë·ª£i m·ªôt ng∆∞·ªùi c≈©ng ƒë√£ bao l√¢u
D√π ƒë√£ bi·∫øt tr∆∞·ªõc s·∫Ω ch·∫≥ng t√¨m th·∫•y nhau
ƒê·ªÉ r·ªìi anh c≈©ng ph·∫£i nh·∫≠n ra em ƒë√£ xa m√£i
Ng√†n l·∫ßn anh y·∫øu ƒëu·ªëi, ng√†n l·∫ßn ƒë·ªÉ n∆∞·ªõc m·∫Øt r∆°i
ƒê·ªÉ r·ªìi ch·ª£t nh·∫≠n ra nƒÉm th√°ng kia c≈©ng ƒë√£ v·ªôi qua
Ch·∫≠m l·∫°i m·ªôt gi√¢y cu·ªëi, ƒë·ªÉ anh ƒë∆∞·ª£c √¥m l·∫•y em
V√¨ anh hi·ªÉu m√£i sau c≈©ng ch·∫≥ng t√¨m ƒë∆∞·ª£c ng∆∞·ªùi nh∆∞ em
Ch·∫≥ng th·ªÉ t√¨m ƒë∆∞·ª£c em qua bao nhi√™u khung tr·ªùi
Ch·∫°y theo gi·∫•c m∆° anh m∆° m·ªôt th·ªùi
T·ª´ng h∆°i ·∫•m k·ª∑ ni·ªám t√†n phai ƒë√£ bao l√¢u r·ªìi
Anh ch·ªâ mu·ªën ƒë∆∞·ª£c c√πng em ƒëi h·∫øt qu√£ng ƒë∆∞·ªùng d√†i
D√π em s·∫Ω kh√¥ng kh√¥ng quay v·ªÅ n·ªØa
V√† r·ªìi bao nƒÉm th√°ng c≈©ng phai d·∫ßn theo b√≥ng em
Ph√©p m√†u anh mong ∆∞·ªõc ch·ªâ c√≥ trong gi·∫•c m∆° m√† th√¥i
Ch·∫≠m l·∫°i m·ªôt gi√¢y cu·ªëi, ƒë·ªÉ anh ƒë∆∞·ª£c √¥m l·∫•y em
V√¨ anh hi·ªÉu m√£i sau c≈©ng ch·∫≥ng t√¨m ƒë∆∞·ª£c ng∆∞·ªùi nh∆∞ em
Ng√†n l·∫ßn anh y·∫øu ƒëu·ªëi, ng√†n l·∫ßn ƒë·ªÉ n∆∞·ªõc m·∫Øt r∆°i
ƒê·ªÉ r·ªìi ch·ª£t nh·∫≠n ra nƒÉm th√°ng kia c≈©ng ƒë√£ v·ªôi qua
Ch·∫≠m l·∫°i m·ªôt gi√¢y cu·ªëi, ƒë·ªÉ anh ƒë∆∞·ª£c √¥m l·∫•y em
V√¨ anh hi·ªÉu m√£i sau c≈©ng ch·∫≥ng t√¨m ƒë∆∞·ª£c ng∆∞·ªùi nh∆∞ em
Ch·∫≥ng th·ªÉ t√¨m ƒë∆∞·ª£c em"
51,"HAY L·∫ÆM ·∫†
Mk c√≥ Cover b√†i n√†y. Mong m.n gh√© qua :3"
52,cho e xin tab vs ·∫°
53,Cao h∆°n ƒëc k ·∫° ?
54,l√†m b√†i h·∫πn y√™u tone n·ªØ ƒëi ·∫°
55,Capo m·∫•y v·∫≠y ·∫° :<
56,@Nguyen Vu Ha Thi okeee b·∫°n. B·∫°n nh·ªõ ƒëƒÉng k√Ω ƒë·ªÉ t·∫°o ƒë·ªông l·ª±c cho m√¨nh v·ªõi nha :3. M√¨nh c·∫£m ∆°n nhi·ªÅu n√®ee
57,@Nguy·ªÖn Thanh Nh√¢n m√¨nh c·∫£m ∆°n nha :3
58,Capo ngƒÉn 5 nh√© b·∫°n ∆°iiii :3
59,C·∫£m ∆°n b·∫°n <3
60,V√¢ng ·∫°. :3. B·∫°n nh·ªõ ·ªßng h·ªô m√¨nh v·ªõi nha ‚ù§Ô∏è. M√¨nh c·∫£m ∆°n b·∫°n nhi·ªÅu ^^
61,C√≥ tab ko anh
62,K c√≥ e ∆°i
63,solo trong th√πng nh√¨n ƒë·∫πp h∆°n ah
64,Bao.T Official v·∫≠y h·∫£ b·∫°n :3
65,B·∫°n solo th√≠ch qu√° √†
66,Nh√† anh ·ªü ƒë√¢u m√† sao backroud ƒë·∫πp th·∫ø
67,ƒê·ªânh
68,C·∫£m √¢m √† a
69,ƒê√∫ng r b·∫°n
70,N√™n luy·ªán theo h∆∞·ªõng d·∫´n b·∫£n g√≥c s·∫Ω hi·ªáu qu·∫£ h∆°n l√† c·∫£m √¢m r√¥i t·ª± ƒë√†n b·∫°n nhaaaaa...
71,@Nguy·ªÖn Thanh Nh√¢n b·∫°n ch∆°i c≈©ng kh√° ·ªïn ƒë·∫•y...c·ªë g·∫Øng luy·ªán t·∫≠p s·∫Ω hay l·∫Øm b·∫°n...
72,Hihi. M√¨nh c·∫£m ∆°n b·∫°n r·∫•t nhi·ªÅu ·∫° üòç
73,L√†m v·∫≠y s·∫Ω gi√∫p b·∫°n ch∆°i ti·∫øn b·ªô h∆°n n·ªØa...c√°i n√†y m√¨nh g√≥p √Ω b·∫°n ƒë∆∞ng nghƒ© g√¨ nha
74,C·∫£nh ƒë·∫πp vcl
75,Tks b nha
76,Nh·ªõ kh
77,Nh·ªõ ch·ª© n√® h√¢hhaaa
78,He lo
79,Hellooo
80,√îng ƒë√°nh theo c·∫£m √¢m nh∆∞ng  c≈©ng t·∫≠p luy·ªán tr∆∞·ªõc ƒë√≥ ph·∫£i ko √¥ng
81,ƒê√∫ng r·ªìi √¥ng. Tui m√≤ n·ªët ra r·ªìi t·∫≠p d·∫ßn
82,xin tab ·∫°
83,Tab ƒë√¢y n√® b·∫°n. M√¨nh m·ªõi t√¨m n√®: https://youtu.be/02W8eN4o8as
84,M√¨nh ƒë√°nh theo c·∫£m √¢m n√™n kh√¥ng c√≥ tab b·∫°n ∆°ii.
0,Luv luv luv uuuuuuuu
1,B·∫°n ca sƒ© h√°t hay l·∫Øm. Ch√∫c nh√≥m th√†nh c√¥ng nh√© !
2,C·∫£m ∆°n b·∫°n nha!
0,Em say qu√° anh ∆°iii
1,L√¢u ng√†y qu√° ch·∫Øc mn qu√™n m√¨nh r√≤i ü•∫
2,1.000 View √≤iii. Thanks m·ªçi ng∆∞·ªùi nhi·ªÅuuuu ‚ù§Ô∏è
3,Vjp ·∫°
4,M√¨nh c·∫£m ∆°n nh√©. Nh·ªõ ƒëƒÉng k√Ω k√™nh ƒë·ªÉ nh·∫≠n ƒëc Th√¥ng b√°o m·ªói khi m√¨nh ra vd n√®eee
5,Hay qu√° ·∫°aaaaü•∞
6,N c·∫£m ∆°n n√® :3
7,Th·ª≠ ƒë√∫ tiktok ƒëi bi·∫øt ƒë√¢u l·∫°i hot
8,ƒê·ªÉ n ƒëƒÉng th·ª≠ kkk
9,Fan c·ª©ng n√®
10,Hiiiihi :3
11,Hay qu√°aaa =))
12,Y√™uuuu :3
13,Cho tui xin link mua d√¢y voii c·∫≠u wui
14,Hay qu√° a nh√¢n ∆°i ><
15,L·∫ßn cu·ªëi ƒëi ch·ªã :33
16,ƒê·ªÉ a sau n√†y l√†m xong n·ªët m·∫•y b√†i kia ƒë√£
17,Perfect !!
18,Tksss :3
19,‚Äú H·∫°nh ph√∫c b·ªè r∆°i em ‚Äú ƒëi b ∆°i
20,Sau n√†y m√¨nh s·∫Ω l√†m ·∫°
21,like ƒë·∫ßu ti√™n luon ;-;
22,Tks b nha
23,"C·∫£m ∆°n mn ƒë√£ l·∫Øng nghe v√† gh√© qua ph·∫ßn b√¨nh lu·∫≠n n√†y, n·∫øu c√°c b·∫°n th·∫•y hay th√¨ cho m√¨nh 1 like v√† 1 l∆∞·ª£t Subcribe nh√©
-
M√¨nh c·∫£m ∆°n mn ƒë√£ ·ªßng h·ªô m√¨nh trong th·ªùi gian qua ‚ù§Ô∏è"
24,"Sao b·∫°n quay ƒë∆∞·ª£c d√¢y ƒë√†n n√≥ l∆∞·ª£n s√≥ng hay z·∫≠y,ch·ªâ v·ªõi b·∫°n quay b·∫±ng ph·∫ßn m·ªÅm g√¨ v·∫≠y c·∫£m ∆°n b·∫°n"
25,nguy·ªÖn c√¥ng danh ƒë√∫ng r b·∫°n. M√¨nh d√πng app Inshot ƒë·ªÉ ch·ªânh m√†u l·∫°i √°
26,@Nguy·ªÖn Thanh Nh√¢n √† t·∫°i th·∫•y b·∫°n quay tr·ªùi ƒë·∫πp b·∫°n ch·ªânh m√†u l·∫°i h·∫£
27,nguy·ªÖn c√¥ng danh m√¨nh d√πng ƒët IP quay camera th∆∞·ªùng √° b·∫°n. B·∫°n ch·ªâ c·∫ßn quay ra n·∫Øng l√† d√¢y ƒë√†n n√≥ l∆∞·ª£n s√≥ng √°.
28,B·∫°n c√≥ b·∫•m h·ª£p √¢m k hay l√† ƒë√†n tr√™n d√¢y th√¥i??
29,Thi Dep Cao m√¨nh ƒë√°nh nh∆∞ b√¨nh th∆∞·ªùng m·ªõi ƒë∆∞·ª£c ch·ª© b ü§£.
30,"Th·∫•p tho√°ng √°nh m·∫Øt ƒë√¥i m√¥i mang theo h∆∞∆°ng m√™ say
Em cho anh tan trong mi√™n man qu√™n lu√¥n ƒëi ƒë√™m ng√†y
Ch·∫°m nh·∫π v·ªôi v√†ng hai ba gi√¢y nh∆∞ng con tim ƒë√¢u hay
B·ªëi r·ªëi kh·∫Ω l√™n ng√¥i y√™u th∆∞∆°ng ƒëong ƒë·∫ßy th·∫≠t ƒë·∫ßy
Anh ng·∫©n ng∆° c·ª© ng·ª°
ƒê√≥ ch·ªâ l√† gi·∫•c m∆°
Anh ng·∫©n ng∆° c·ª© ng·ª°

Nh∆∞ng ƒëang ng·∫•t ng√¢y trong gi·∫•c m∆°
Th·∫≠t ng·ªçt ng√†o √™m d·ªãu ƒë·∫Øm ch√¨m ph√∫t ch·ªëc vi·∫øt t∆∞∆°ng t∆∞ gieo n√™n th∆°
C√≥ c√¢u ca trong gi√≥ h√°t ng√¢n nga ru tr·ªùi m√¢y nh·∫π nh√†ng ƒë√≥n ban mai ngang qua trao n·ª• c∆∞·ªùi
N·∫Øng ƒëua chen khoe s·∫Øc vui ƒë√πa gi·ªØa mu√¥n ng√†n hoa d·ªãu d√†ng ƒë·∫øn nh√¢n gian √¢u y·∫øm t√¢m h·ªìn ng∆∞·ªùi
H√¨nh nh∆∞ ch√≠nh em
Cho anh mong ch·ªù
H√¨nh nh∆∞ ch√≠nh em
Cho anh v·∫•n v∆∞∆°ng
ƒê·ª´ng th·ªù ∆° xin h√£y l·∫Øng nghe v√† gi√∫p anh tr·∫£ l·ªùi ƒë√¥i ƒëi·ªÅu c√≤n bƒÉn khoƒÉn
C√≥ ch·∫Øc y√™u l√† ƒë√¢y ƒë√¢y ƒë√¢y
C√≥ ch·∫Øc y√™u l√† ƒë√¢y ƒë√¢y 
C√≥ ch·∫Øc y√™u l√† ƒë√¢y ƒë√¢y ƒë√¢y
C√≥ ch·∫Øc y√™u l√† ƒë√¢y ƒë√¢y
Em lang thang c·∫£ ng√†y trong t√¢m tr√≠
ƒêi kh√¥ng ng·ª´ng c·∫£ ng√†y trong t√¢m tr√≠
Si m√™ th√™m cu·ªìng quay
Ah uhhhhh
C√≥ ch·∫Øc y√™u l√† ƒë√¢y"
31,C√≥ tab kh anh
32,"koutgg Nguyenbhh kh√¥ng c√≥ nh√© b·∫°n. Do m√¨nh ƒë√°nh ng·∫´u h·ª©ng theo c·∫£m √¢m √°.
C·∫£m ∆°n b·∫°n ƒë√£ ·ªßng h·ªô ·∫°"
33,Nh√¨n ng√≥n tay l∆∞·ªõt tr√™n ph√≠m ƒë√†n th·∫•y th√≠ch g√™. Mong ƒëc tt c√πng b·∫°nüëçüîî
34,b·∫°n ch∆°i guitar hay qu√° .tuy·ªát v·ªùi
35,PHAN THAI CUONG m√¨nh c·∫£m ∆°n b nhi·ªÅu ·∫°h
36,ƒê√£ sub ·∫°
37,SonTran TV tks b nha. M√¨nh sub cho b r ƒë·∫•y kkk
38,hi qu√° hay lu√¥n b·∫°n m√¨nh ∆°i hihi
39,C·∫£m ∆°n b nhi·ªÅu nhaa ‚ù§Ô∏è
40,"Lyrics cho b·∫°n n√†o c·∫ßn n√®: 

Anh d·ª´ng ch√¢n, ng∆∞·ªõc nh√¨n tr·ªùi cao ng√†n mu√¥n √°nh sao 
ƒê·ªÉ bu·ªìn ƒëau ph·ªß l√™n b·ªù vai hao g·∫ßy 
Ng√†y m√† ta r·ªùi xa, quay l∆∞ng v·ªÅ nhau 
Li·ªáu ƒë√£ c√≥ ai ngo·∫£nh l·∫°i 
C·∫£ hai b∆∞·ªõc ƒëi v·ªôi v√†ng, m·ªôt k·∫øt th√∫c l·ª° l√†ng cho ta.

N∆°i gi·ªçt s∆∞∆°ng v·∫´n n·∫±m l·∫°i tr√™n d√≤ng kh√≥e m·∫Øt em 
L·ª° m·ªôt gi√¢y, ng√†n nƒÉm th√¨ c≈©ng v·∫´n v·∫≠y 
D∆∞ √¢m ng√†y n√†o nh∆∞ v·∫´n c√≤n b√™n tai 
Nh∆∞ng nay ƒë√£ theo b√≥ng ai 
R·ªìi mai sau gi√† ƒëi li·ªáu anh c√≥ c√≤n ti·∫øc nu·ªëi.
 
Ng√†n l·∫ßn anh y·∫øu ƒëu·ªëi, ng√†n l·∫ßn ƒë·ªÉ n∆∞·ªõc m·∫Øt r∆°i 
ƒê·ªÉ r·ªìi ch·ª£t nh·∫≠n ra nƒÉm th√°ng kia c≈©ng ƒë√£ v·ªôi qua 

Ch·∫≠m l·∫°i m·ªôt gi√¢y cu·ªëi, ƒë·ªÉ anh ƒë∆∞·ª£c √¥m l·∫•y em 
V√¨ anh hi·ªÉu m√£i sau c≈©ng ch·∫≥ng t√¨m ƒë∆∞·ª£c ng∆∞·ªùi nh∆∞ em 
Ch·∫≥ng th·ªÉ t√¨m ƒë∆∞·ª£c em...

Bao ng√†y qua anh ho√†i ch√¨m trong h·ªìi ·ª©c ƒë√£ xa 
Ch·ª£t nh·∫≠n ra b·ªè qu√™n nh·ªØng th·ª© tr∆∞·ªõc m·∫∑t 
Ch·ªù ƒë·ª£i m·ªôt ng∆∞·ªùi c≈©ng ƒë√£ bao l√¢u 
D√π ƒë√£ bi·∫øt tr∆∞·ªõc s·∫Ω ch·∫≥ng t√¨m th·∫•y nhau 
ƒê·ªÉ r·ªìi anh c≈©ng ph·∫£i nh·∫≠n ra em ƒë√£ xa m√£i 

Ng√†n l·∫ßn anh y·∫øu ƒëu·ªëi,
Ng√†n l·∫ßn ƒë·ªÉ n∆∞·ªõc m·∫Øt r∆°i,
ƒê·ªÉ r·ªìi ch·ª£t nh·∫≠n ra nƒÉm th√°ng kia c≈©ng ƒë√£ v·ªôi qua 

Ch·∫≠m l·∫°i m·ªôt gi√¢y cu·ªëi,
ƒê·ªÉ anh ƒë∆∞·ª£c √¥m l·∫•y em 
V√¨ anh hi·ªÉu m√£i sau c≈©ng ch·∫≥ng t√¨m ƒë∆∞·ª£c ng∆∞·ªùi nh∆∞ em
Ch·∫≥ng th·ªÉ t√¨m ƒë∆∞·ª£c em..."
41,b√†i D√π Anh c√≥ Kh√≥c Ng√†n L·∫ßn ƒëi ·∫°
42,ƒê√°nh v√≤ng nh∆∞ n√†o v·∫≠y ·∫°
43,ƒëo·∫°n ƒë·∫ßu h∆°i cao
44,H∆°i th·∫•p ad ·∫°
45,1:32
46,xin h·ª£p √¢m
47,1:28
48,Th·∫•p qu√° kh√¥ng h√°t ƒë∆∞·ª£c üòÇ
49,M√¨nh c·∫£m ∆°n b·∫°n ƒë√£ ph·∫£n h·ªìi nha ! M√¨nh s·∫Ω c·ªë g·∫Øng l·∫ßn sau ·∫°‚ù§Ô∏è
50,"Anh d·ª´ng ch√¢n, ng∆∞·ªõc nh√¨n tr·ªùi cao ng√†n mu√¥n √°nh sao
ƒê·ªÉ bu·ªìn ƒëau ph·ªß l√™n b·ªù vai hao g·∫ßy
Ng√†y m√† ta r·ªùi xa, quay l∆∞ng v·ªÅ nhau
Li·ªáu ƒë√£ c√≥ ai ngo·∫£nh l·∫°i
C·∫£ hai b∆∞·ªõc ƒëi v·ªôi v√†ng, m·ªôt k·∫øt th√∫c l·ª° l√†ng cho ta
N∆°i gi·ªçt s∆∞∆°ng v·∫´n n·∫±m l·∫°i tr√™n d√≤ng kh√≥e m·∫Øt em
Li·ªáu m·ªôt gi√¢y, ng√†n nƒÉm th√¨ c≈©ng v·∫´n v·∫≠y
D∆∞ √¢m ng√†y n√†o nh∆∞ v·∫´n c√≤n b√™n tai
Nh·ªØng ng√†y ƒë√£ theo b√≥ng ai
R·ªìi mai sau ra ƒëi li·ªáu anh c√≥ c√≤n ti·∫øc nu·ªëi
Ng√†n l·∫ßn anh y·∫øu ƒëu·ªëi, ng√†n l·∫ßn ƒë·ªÉ n∆∞·ªõc m·∫Øt r∆°i
ƒê·ªÉ r·ªìi ch·ª£t nh·∫≠n ra nƒÉm th√°ng kia c≈©ng ƒë√£ v·ªôi qua
Ch·∫≠m l·∫°i m·ªôt gi√¢y cu·ªëi, ƒë·ªÉ anh ƒë∆∞·ª£c √¥m l·∫•y em
V√¨ anh hi·ªÉu m√£i sau c≈©ng ch·∫≥ng t√¨m ƒë∆∞·ª£c ng∆∞·ªùi nh∆∞ em
Ch·∫≥ng th·ªÉ t√¨m ƒë∆∞·ª£c em
Bao ng√†y qua anh ho√†i ch√¨m trong h·ªìi ·ª©c ƒë√£ xa
Ch·ª£t nh·∫≠n ra b·ªè qu√™n nh·ªØng th·ª© tr∆∞·ªõc m·∫∑t
Ch·ªù ƒë·ª£i m·ªôt ng∆∞·ªùi c≈©ng ƒë√£ bao l√¢u
D√π ƒë√£ bi·∫øt tr∆∞·ªõc s·∫Ω ch·∫≥ng t√¨m th·∫•y nhau
ƒê·ªÉ r·ªìi anh c≈©ng ph·∫£i nh·∫≠n ra em ƒë√£ xa m√£i
Ng√†n l·∫ßn anh y·∫øu ƒëu·ªëi, ng√†n l·∫ßn ƒë·ªÉ n∆∞·ªõc m·∫Øt r∆°i
ƒê·ªÉ r·ªìi ch·ª£t nh·∫≠n ra nƒÉm th√°ng kia c≈©ng ƒë√£ v·ªôi qua
Ch·∫≠m l·∫°i m·ªôt gi√¢y cu·ªëi, ƒë·ªÉ anh ƒë∆∞·ª£c √¥m l·∫•y em
V√¨ anh hi·ªÉu m√£i sau c≈©ng ch·∫≥ng t√¨m ƒë∆∞·ª£c ng∆∞·ªùi nh∆∞ em
Ch·∫≥ng th·ªÉ t√¨m ƒë∆∞·ª£c em qua bao nhi√™u khung tr·ªùi
Ch·∫°y theo gi·∫•c m∆° anh m∆° m·ªôt th·ªùi
T·ª´ng h∆°i ·∫•m k·ª∑ ni·ªám t√†n phai ƒë√£ bao l√¢u r·ªìi
Anh ch·ªâ mu·ªën ƒë∆∞·ª£c c√πng em ƒëi h·∫øt qu√£ng ƒë∆∞·ªùng d√†i
D√π em s·∫Ω kh√¥ng kh√¥ng quay v·ªÅ n·ªØa
V√† r·ªìi bao nƒÉm th√°ng c≈©ng phai d·∫ßn theo b√≥ng em
Ph√©p m√†u anh mong ∆∞·ªõc ch·ªâ c√≥ trong gi·∫•c m∆° m√† th√¥i
Ch·∫≠m l·∫°i m·ªôt gi√¢y cu·ªëi, ƒë·ªÉ anh ƒë∆∞·ª£c √¥m l·∫•y em
V√¨ anh hi·ªÉu m√£i sau c≈©ng ch·∫≥ng t√¨m ƒë∆∞·ª£c ng∆∞·ªùi nh∆∞ em
Ng√†n l·∫ßn anh y·∫øu ƒëu·ªëi, ng√†n l·∫ßn ƒë·ªÉ n∆∞·ªõc m·∫Øt r∆°i
ƒê·ªÉ r·ªìi ch·ª£t nh·∫≠n ra nƒÉm th√°ng kia c≈©ng ƒë√£ v·ªôi qua
Ch·∫≠m l·∫°i m·ªôt gi√¢y cu·ªëi, ƒë·ªÉ anh ƒë∆∞·ª£c √¥m l·∫•y em
V√¨ anh hi·ªÉu m√£i sau c≈©ng ch·∫≥ng t√¨m ƒë∆∞·ª£c ng∆∞·ªùi nh∆∞ em
Ch·∫≥ng th·ªÉ t√¨m ƒë∆∞·ª£c em"
51,"HAY L·∫ÆM ·∫†
Mk c√≥ Cover b√†i n√†y. Mong m.n gh√© qua :3"
52,cho e xin tab vs ·∫°
53,Cao h∆°n ƒëc k ·∫° ?
54,l√†m b√†i h·∫πn y√™u tone n·ªØ ƒëi ·∫°
55,Capo m·∫•y v·∫≠y ·∫° :<
56,@Nguyen Vu Ha Thi okeee b·∫°n. B·∫°n nh·ªõ ƒëƒÉng k√Ω ƒë·ªÉ t·∫°o ƒë·ªông l·ª±c cho m√¨nh v·ªõi nha :3. M√¨nh c·∫£m ∆°n nhi·ªÅu n√®ee
57,@Nguy·ªÖn Thanh Nh√¢n m√¨nh c·∫£m ∆°n nha :3
58,Capo ngƒÉn 5 nh√© b·∫°n ∆°iiii :3
59,C·∫£m ∆°n b·∫°n <3
60,V√¢ng ·∫°. :3. B·∫°n nh·ªõ ·ªßng h·ªô m√¨nh v·ªõi nha ‚ù§Ô∏è. M√¨nh c·∫£m ∆°n b·∫°n nhi·ªÅu ^^
61,C√≥ tab ko anh
62,K c√≥ e ∆°i
63,solo trong th√πng nh√¨n ƒë·∫πp h∆°n ah
64,Bao.T Official v·∫≠y h·∫£ b·∫°n :3
65,B·∫°n solo th√≠ch qu√° √†
66,Nh√† anh ·ªü ƒë√¢u m√† sao backroud ƒë·∫πp th·∫ø
67,ƒê·ªânh
68,C·∫£m √¢m √† a
69,ƒê√∫ng r b·∫°n
70,N√™n luy·ªán theo h∆∞·ªõng d·∫´n b·∫£n g√≥c s·∫Ω hi·ªáu qu·∫£ h∆°n l√† c·∫£m √¢m r√¥i t·ª± ƒë√†n b·∫°n nhaaaaa...
71,@Nguy·ªÖn Thanh Nh√¢n b·∫°n ch∆°i c≈©ng kh√° ·ªïn ƒë·∫•y...c·ªë g·∫Øng luy·ªán t·∫≠p s·∫Ω hay l·∫Øm b·∫°n...
72,Hihi. M√¨nh c·∫£m ∆°n b·∫°n r·∫•t nhi·ªÅu ·∫° üòç
73,L√†m v·∫≠y s·∫Ω gi√∫p b·∫°n ch∆°i ti·∫øn b·ªô h∆°n n·ªØa...c√°i n√†y m√¨nh g√≥p √Ω b·∫°n ƒë∆∞ng nghƒ© g√¨ nha
74,C·∫£nh ƒë·∫πp vcl
75,Tks b nha
76,Nh·ªõ kh
77,Nh·ªõ ch·ª© n√® h√¢hhaaa
78,He lo
79,Hellooo
80,√îng ƒë√°nh theo c·∫£m √¢m nh∆∞ng  c≈©ng t·∫≠p luy·ªán tr∆∞·ªõc ƒë√≥ ph·∫£i ko √¥ng
81,ƒê√∫ng r·ªìi √¥ng. Tui m√≤ n·ªët ra r·ªìi t·∫≠p d·∫ßn
82,xin tab ·∫°
83,Tab ƒë√¢y n√® b·∫°n. M√¨nh m·ªõi t√¨m n√®: https://youtu.be/02W8eN4o8as
84,M√¨nh ƒë√°nh theo c·∫£m √¢m n√™n kh√¥ng c√≥ tab b·∫°n ∆°ii.
0,L√¢u ng√†y qu√° ch·∫Øc mn qu√™n m√¨nh r√≤i ü•∫
1,1.000 View √≤iii. Thanks m·ªçi ng∆∞·ªùi nhi·ªÅuuuu ‚ù§Ô∏è
2,Vjp ·∫°
3,M√¨nh c·∫£m ∆°n nh√©. Nh·ªõ ƒëƒÉng k√Ω k√™nh ƒë·ªÉ nh·∫≠n ƒëc Th√¥ng b√°o m·ªói khi m√¨nh ra vd n√®eee
4,Hay qu√° ·∫°aaaaü•∞
5,N c·∫£m ∆°n n√® :3
6,Th·ª≠ ƒë√∫ tiktok ƒëi bi·∫øt ƒë√¢u l·∫°i hot
7,ƒê·ªÉ n ƒëƒÉng th·ª≠ kkk
8,Fan c·ª©ng n√®
9,Hiiiihi :3
10,Hay qu√°aaa =))
11,Y√™uuuu :3
12,Cho tui xin link mua d√¢y voii c·∫≠u wui
13,Hay qu√° a nh√¢n ∆°i ><
14,L·∫ßn cu·ªëi ƒëi ch·ªã :33
15,ƒê·ªÉ a sau n√†y l√†m xong n·ªët m·∫•y b√†i kia ƒë√£
16,Perfect !!
17,Tksss :3
18,‚Äú H·∫°nh ph√∫c b·ªè r∆°i em ‚Äú ƒëi b ∆°i
19,Sau n√†y m√¨nh s·∫Ω l√†m ·∫°
20,like ƒë·∫ßu ti√™n luon ;-;
21,Tks b nha
22,"C·∫£m ∆°n mn ƒë√£ l·∫Øng nghe v√† gh√© qua ph·∫ßn b√¨nh lu·∫≠n n√†y, n·∫øu c√°c b·∫°n th·∫•y hay th√¨ cho m√¨nh 1 like v√† 1 l∆∞·ª£t Subcribe nh√©
-
M√¨nh c·∫£m ∆°n mn ƒë√£ ·ªßng h·ªô m√¨nh trong th·ªùi gian qua ‚ù§Ô∏è"
23,"Sao b·∫°n quay ƒë∆∞·ª£c d√¢y ƒë√†n n√≥ l∆∞·ª£n s√≥ng hay z·∫≠y,ch·ªâ v·ªõi b·∫°n quay b·∫±ng ph·∫ßn m·ªÅm g√¨ v·∫≠y c·∫£m ∆°n b·∫°n"
24,nguy·ªÖn c√¥ng danh ƒë√∫ng r b·∫°n. M√¨nh d√πng app Inshot ƒë·ªÉ ch·ªânh m√†u l·∫°i √°
25,@Nguy·ªÖn Thanh Nh√¢n √† t·∫°i th·∫•y b·∫°n quay tr·ªùi ƒë·∫πp b·∫°n ch·ªânh m√†u l·∫°i h·∫£
26,nguy·ªÖn c√¥ng danh m√¨nh d√πng ƒët IP quay camera th∆∞·ªùng √° b·∫°n. B·∫°n ch·ªâ c·∫ßn quay ra n·∫Øng l√† d√¢y ƒë√†n n√≥ l∆∞·ª£n s√≥ng √°.
27,B·∫°n c√≥ b·∫•m h·ª£p √¢m k hay l√† ƒë√†n tr√™n d√¢y th√¥i??
28,Thi Dep Cao m√¨nh ƒë√°nh nh∆∞ b√¨nh th∆∞·ªùng m·ªõi ƒë∆∞·ª£c ch·ª© b ü§£.
29,"Th·∫•p tho√°ng √°nh m·∫Øt ƒë√¥i m√¥i mang theo h∆∞∆°ng m√™ say
Em cho anh tan trong mi√™n man qu√™n lu√¥n ƒëi ƒë√™m ng√†y
Ch·∫°m nh·∫π v·ªôi v√†ng hai ba gi√¢y nh∆∞ng con tim ƒë√¢u hay
B·ªëi r·ªëi kh·∫Ω l√™n ng√¥i y√™u th∆∞∆°ng ƒëong ƒë·∫ßy th·∫≠t ƒë·∫ßy
Anh ng·∫©n ng∆° c·ª© ng·ª°
ƒê√≥ ch·ªâ l√† gi·∫•c m∆°
Anh ng·∫©n ng∆° c·ª© ng·ª°

Nh∆∞ng ƒëang ng·∫•t ng√¢y trong gi·∫•c m∆°
Th·∫≠t ng·ªçt ng√†o √™m d·ªãu ƒë·∫Øm ch√¨m ph√∫t ch·ªëc vi·∫øt t∆∞∆°ng t∆∞ gieo n√™n th∆°
C√≥ c√¢u ca trong gi√≥ h√°t ng√¢n nga ru tr·ªùi m√¢y nh·∫π nh√†ng ƒë√≥n ban mai ngang qua trao n·ª• c∆∞·ªùi
N·∫Øng ƒëua chen khoe s·∫Øc vui ƒë√πa gi·ªØa mu√¥n ng√†n hoa d·ªãu d√†ng ƒë·∫øn nh√¢n gian √¢u y·∫øm t√¢m h·ªìn ng∆∞·ªùi
H√¨nh nh∆∞ ch√≠nh em
Cho anh mong ch·ªù
H√¨nh nh∆∞ ch√≠nh em
Cho anh v·∫•n v∆∞∆°ng
ƒê·ª´ng th·ªù ∆° xin h√£y l·∫Øng nghe v√† gi√∫p anh tr·∫£ l·ªùi ƒë√¥i ƒëi·ªÅu c√≤n bƒÉn khoƒÉn
C√≥ ch·∫Øc y√™u l√† ƒë√¢y ƒë√¢y ƒë√¢y
C√≥ ch·∫Øc y√™u l√† ƒë√¢y ƒë√¢y 
C√≥ ch·∫Øc y√™u l√† ƒë√¢y ƒë√¢y ƒë√¢y
C√≥ ch·∫Øc y√™u l√† ƒë√¢y ƒë√¢y
Em lang thang c·∫£ ng√†y trong t√¢m tr√≠
ƒêi kh√¥ng ng·ª´ng c·∫£ ng√†y trong t√¢m tr√≠
Si m√™ th√™m cu·ªìng quay
Ah uhhhhh
C√≥ ch·∫Øc y√™u l√† ƒë√¢y"
30,C√≥ tab kh anh
31,"koutgg Nguyenbhh kh√¥ng c√≥ nh√© b·∫°n. Do m√¨nh ƒë√°nh ng·∫´u h·ª©ng theo c·∫£m √¢m √°.
C·∫£m ∆°n b·∫°n ƒë√£ ·ªßng h·ªô ·∫°"
32,Nh√¨n ng√≥n tay l∆∞·ªõt tr√™n ph√≠m ƒë√†n th·∫•y th√≠ch g√™. Mong ƒëc tt c√πng b·∫°nüëçüîî
33,b·∫°n ch∆°i guitar hay qu√° .tuy·ªát v·ªùi
34,PHAN THAI CUONG m√¨nh c·∫£m ∆°n b nhi·ªÅu ·∫°h
35,ƒê√£ sub ·∫°
36,SonTran TV tks b nha. M√¨nh sub cho b r ƒë·∫•y kkk
37,hi qu√° hay lu√¥n b·∫°n m√¨nh ∆°i hihi
38,C·∫£m ∆°n b nhi·ªÅu nhaa ‚ù§Ô∏è
39,"Lyrics cho b·∫°n n√†o c·∫ßn n√®: 

Anh d·ª´ng ch√¢n, ng∆∞·ªõc nh√¨n tr·ªùi cao ng√†n mu√¥n √°nh sao 
ƒê·ªÉ bu·ªìn ƒëau ph·ªß l√™n b·ªù vai hao g·∫ßy 
Ng√†y m√† ta r·ªùi xa, quay l∆∞ng v·ªÅ nhau 
Li·ªáu ƒë√£ c√≥ ai ngo·∫£nh l·∫°i 
C·∫£ hai b∆∞·ªõc ƒëi v·ªôi v√†ng, m·ªôt k·∫øt th√∫c l·ª° l√†ng cho ta.

N∆°i gi·ªçt s∆∞∆°ng v·∫´n n·∫±m l·∫°i tr√™n d√≤ng kh√≥e m·∫Øt em 
L·ª° m·ªôt gi√¢y, ng√†n nƒÉm th√¨ c≈©ng v·∫´n v·∫≠y 
D∆∞ √¢m ng√†y n√†o nh∆∞ v·∫´n c√≤n b√™n tai 
Nh∆∞ng nay ƒë√£ theo b√≥ng ai 
R·ªìi mai sau gi√† ƒëi li·ªáu anh c√≥ c√≤n ti·∫øc nu·ªëi.
 
Ng√†n l·∫ßn anh y·∫øu ƒëu·ªëi, ng√†n l·∫ßn ƒë·ªÉ n∆∞·ªõc m·∫Øt r∆°i 
ƒê·ªÉ r·ªìi ch·ª£t nh·∫≠n ra nƒÉm th√°ng kia c≈©ng ƒë√£ v·ªôi qua 

Ch·∫≠m l·∫°i m·ªôt gi√¢y cu·ªëi, ƒë·ªÉ anh ƒë∆∞·ª£c √¥m l·∫•y em 
V√¨ anh hi·ªÉu m√£i sau c≈©ng ch·∫≥ng t√¨m ƒë∆∞·ª£c ng∆∞·ªùi nh∆∞ em 
Ch·∫≥ng th·ªÉ t√¨m ƒë∆∞·ª£c em...

Bao ng√†y qua anh ho√†i ch√¨m trong h·ªìi ·ª©c ƒë√£ xa 
Ch·ª£t nh·∫≠n ra b·ªè qu√™n nh·ªØng th·ª© tr∆∞·ªõc m·∫∑t 
Ch·ªù ƒë·ª£i m·ªôt ng∆∞·ªùi c≈©ng ƒë√£ bao l√¢u 
D√π ƒë√£ bi·∫øt tr∆∞·ªõc s·∫Ω ch·∫≥ng t√¨m th·∫•y nhau 
ƒê·ªÉ r·ªìi anh c≈©ng ph·∫£i nh·∫≠n ra em ƒë√£ xa m√£i 

Ng√†n l·∫ßn anh y·∫øu ƒëu·ªëi,
Ng√†n l·∫ßn ƒë·ªÉ n∆∞·ªõc m·∫Øt r∆°i,
ƒê·ªÉ r·ªìi ch·ª£t nh·∫≠n ra nƒÉm th√°ng kia c≈©ng ƒë√£ v·ªôi qua 

Ch·∫≠m l·∫°i m·ªôt gi√¢y cu·ªëi,
ƒê·ªÉ anh ƒë∆∞·ª£c √¥m l·∫•y em 
V√¨ anh hi·ªÉu m√£i sau c≈©ng ch·∫≥ng t√¨m ƒë∆∞·ª£c ng∆∞·ªùi nh∆∞ em
Ch·∫≥ng th·ªÉ t√¨m ƒë∆∞·ª£c em..."
40,b√†i D√π Anh c√≥ Kh√≥c Ng√†n L·∫ßn ƒëi ·∫°
41,ƒê√°nh v√≤ng nh∆∞ n√†o v·∫≠y ·∫°
42,ƒëo·∫°n ƒë·∫ßu h∆°i cao
43,H∆°i th·∫•p ad ·∫°
44,1:32
45,xin h·ª£p √¢m
46,1:28
47,Th·∫•p qu√° kh√¥ng h√°t ƒë∆∞·ª£c üòÇ
48,M√¨nh c·∫£m ∆°n b·∫°n ƒë√£ ph·∫£n h·ªìi nha ! M√¨nh s·∫Ω c·ªë g·∫Øng l·∫ßn sau ·∫°‚ù§Ô∏è
49,"Anh d·ª´ng ch√¢n, ng∆∞·ªõc nh√¨n tr·ªùi cao ng√†n mu√¥n √°nh sao
ƒê·ªÉ bu·ªìn ƒëau ph·ªß l√™n b·ªù vai hao g·∫ßy
Ng√†y m√† ta r·ªùi xa, quay l∆∞ng v·ªÅ nhau
Li·ªáu ƒë√£ c√≥ ai ngo·∫£nh l·∫°i
C·∫£ hai b∆∞·ªõc ƒëi v·ªôi v√†ng, m·ªôt k·∫øt th√∫c l·ª° l√†ng cho ta
N∆°i gi·ªçt s∆∞∆°ng v·∫´n n·∫±m l·∫°i tr√™n d√≤ng kh√≥e m·∫Øt em
Li·ªáu m·ªôt gi√¢y, ng√†n nƒÉm th√¨ c≈©ng v·∫´n v·∫≠y
D∆∞ √¢m ng√†y n√†o nh∆∞ v·∫´n c√≤n b√™n tai
Nh·ªØng ng√†y ƒë√£ theo b√≥ng ai
R·ªìi mai sau ra ƒëi li·ªáu anh c√≥ c√≤n ti·∫øc nu·ªëi
Ng√†n l·∫ßn anh y·∫øu ƒëu·ªëi, ng√†n l·∫ßn ƒë·ªÉ n∆∞·ªõc m·∫Øt r∆°i
ƒê·ªÉ r·ªìi ch·ª£t nh·∫≠n ra nƒÉm th√°ng kia c≈©ng ƒë√£ v·ªôi qua
Ch·∫≠m l·∫°i m·ªôt gi√¢y cu·ªëi, ƒë·ªÉ anh ƒë∆∞·ª£c √¥m l·∫•y em
V√¨ anh hi·ªÉu m√£i sau c≈©ng ch·∫≥ng t√¨m ƒë∆∞·ª£c ng∆∞·ªùi nh∆∞ em
Ch·∫≥ng th·ªÉ t√¨m ƒë∆∞·ª£c em
Bao ng√†y qua anh ho√†i ch√¨m trong h·ªìi ·ª©c ƒë√£ xa
Ch·ª£t nh·∫≠n ra b·ªè qu√™n nh·ªØng th·ª© tr∆∞·ªõc m·∫∑t
Ch·ªù ƒë·ª£i m·ªôt ng∆∞·ªùi c≈©ng ƒë√£ bao l√¢u
D√π ƒë√£ bi·∫øt tr∆∞·ªõc s·∫Ω ch·∫≥ng t√¨m th·∫•y nhau
ƒê·ªÉ r·ªìi anh c≈©ng ph·∫£i nh·∫≠n ra em ƒë√£ xa m√£i
Ng√†n l·∫ßn anh y·∫øu ƒëu·ªëi, ng√†n l·∫ßn ƒë·ªÉ n∆∞·ªõc m·∫Øt r∆°i
ƒê·ªÉ r·ªìi ch·ª£t nh·∫≠n ra nƒÉm th√°ng kia c≈©ng ƒë√£ v·ªôi qua
Ch·∫≠m l·∫°i m·ªôt gi√¢y cu·ªëi, ƒë·ªÉ anh ƒë∆∞·ª£c √¥m l·∫•y em
V√¨ anh hi·ªÉu m√£i sau c≈©ng ch·∫≥ng t√¨m ƒë∆∞·ª£c ng∆∞·ªùi nh∆∞ em
Ch·∫≥ng th·ªÉ t√¨m ƒë∆∞·ª£c em qua bao nhi√™u khung tr·ªùi
Ch·∫°y theo gi·∫•c m∆° anh m∆° m·ªôt th·ªùi
T·ª´ng h∆°i ·∫•m k·ª∑ ni·ªám t√†n phai ƒë√£ bao l√¢u r·ªìi
Anh ch·ªâ mu·ªën ƒë∆∞·ª£c c√πng em ƒëi h·∫øt qu√£ng ƒë∆∞·ªùng d√†i
D√π em s·∫Ω kh√¥ng kh√¥ng quay v·ªÅ n·ªØa
V√† r·ªìi bao nƒÉm th√°ng c≈©ng phai d·∫ßn theo b√≥ng em
Ph√©p m√†u anh mong ∆∞·ªõc ch·ªâ c√≥ trong gi·∫•c m∆° m√† th√¥i
Ch·∫≠m l·∫°i m·ªôt gi√¢y cu·ªëi, ƒë·ªÉ anh ƒë∆∞·ª£c √¥m l·∫•y em
V√¨ anh hi·ªÉu m√£i sau c≈©ng ch·∫≥ng t√¨m ƒë∆∞·ª£c ng∆∞·ªùi nh∆∞ em
Ng√†n l·∫ßn anh y·∫øu ƒëu·ªëi, ng√†n l·∫ßn ƒë·ªÉ n∆∞·ªõc m·∫Øt r∆°i
ƒê·ªÉ r·ªìi ch·ª£t nh·∫≠n ra nƒÉm th√°ng kia c≈©ng ƒë√£ v·ªôi qua
Ch·∫≠m l·∫°i m·ªôt gi√¢y cu·ªëi, ƒë·ªÉ anh ƒë∆∞·ª£c √¥m l·∫•y em
V√¨ anh hi·ªÉu m√£i sau c≈©ng ch·∫≥ng t√¨m ƒë∆∞·ª£c ng∆∞·ªùi nh∆∞ em
Ch·∫≥ng th·ªÉ t√¨m ƒë∆∞·ª£c em"
50,"HAY L·∫ÆM ·∫†
Mk c√≥ Cover b√†i n√†y. Mong m.n gh√© qua :3"
51,cho e xin tab vs ·∫°
52,Cao h∆°n ƒëc k ·∫° ?
53,l√†m b√†i h·∫πn y√™u tone n·ªØ ƒëi ·∫°
54,Capo m·∫•y v·∫≠y ·∫° :<
55,@Nguyen Vu Ha Thi okeee b·∫°n. B·∫°n nh·ªõ ƒëƒÉng k√Ω ƒë·ªÉ t·∫°o ƒë·ªông l·ª±c cho m√¨nh v·ªõi nha :3. M√¨nh c·∫£m ∆°n nhi·ªÅu n√®ee
56,@Nguy·ªÖn Thanh Nh√¢n m√¨nh c·∫£m ∆°n nha :3
57,Capo ngƒÉn 5 nh√© b·∫°n ∆°iiii :3
58,C·∫£m ∆°n b·∫°n <3
59,V√¢ng ·∫°. :3. B·∫°n nh·ªõ ·ªßng h·ªô m√¨nh v·ªõi nha ‚ù§Ô∏è. M√¨nh c·∫£m ∆°n b·∫°n nhi·ªÅu ^^
60,C√≥ tab ko anh
61,K c√≥ e ∆°i
62,solo trong th√πng nh√¨n ƒë·∫πp h∆°n ah
63,Bao.T Official v·∫≠y h·∫£ b·∫°n :3
64,B·∫°n solo th√≠ch qu√° √†
65,Nh√† anh ·ªü ƒë√¢u m√† sao backroud ƒë·∫πp th·∫ø
66,ƒê·ªânh
67,C·∫£m √¢m √† a
68,ƒê√∫ng r b·∫°n
69,N√™n luy·ªán theo h∆∞·ªõng d·∫´n b·∫£n g√≥c s·∫Ω hi·ªáu qu·∫£ h∆°n l√† c·∫£m √¢m r√¥i t·ª± ƒë√†n b·∫°n nhaaaaa...
70,@Nguy·ªÖn Thanh Nh√¢n b·∫°n ch∆°i c≈©ng kh√° ·ªïn ƒë·∫•y...c·ªë g·∫Øng luy·ªán t·∫≠p s·∫Ω hay l·∫Øm b·∫°n...
71,Hihi. M√¨nh c·∫£m ∆°n b·∫°n r·∫•t nhi·ªÅu ·∫° üòç
72,L√†m v·∫≠y s·∫Ω gi√∫p b·∫°n ch∆°i ti·∫øn b·ªô h∆°n n·ªØa...c√°i n√†y m√¨nh g√≥p √Ω b·∫°n ƒë∆∞ng nghƒ© g√¨ nha
73,C·∫£nh ƒë·∫πp vcl
74,Tks b nha
75,Nh·ªõ kh
76,Nh·ªõ ch·ª© n√® h√¢hhaaa
77,He lo
78,Hellooo
79,√îng ƒë√°nh theo c·∫£m √¢m nh∆∞ng  c≈©ng t·∫≠p luy·ªán tr∆∞·ªõc ƒë√≥ ph·∫£i ko √¥ng
80,ƒê√∫ng r·ªìi √¥ng. Tui m√≤ n·ªët ra r·ªìi t·∫≠p d·∫ßn
81,xin tab ·∫°
82,Tab ƒë√¢y n√® b·∫°n. M√¨nh m·ªõi t√¨m n√®: https://youtu.be/02W8eN4o8as
83,M√¨nh ƒë√°nh theo c·∫£m √¢m n√™n kh√¥ng c√≥ tab b·∫°n ∆°ii.
84,"V√¨ ƒë√¢y l√† b·∫£n Cover Guitar Ng·∫´u H·ª©ng n√™n c√≥ m·ªôt s·ªë l·ªói mong mn b·ªè qua cho m√¨nh nh√© ‚ù§Ô∏è‚ù§Ô∏è
-
M√¨nh c·∫£m ∆°n c√°c b·∫°n nhi·ªÅu ·∫°"
85,Ai l·ª´a anh v·∫≠y
86,A ∆°i cho em xin v√≤ng h·ª£p √¢m v·ªõi
87,Cao Quy v√≤ng h·ª£p √¢m ƒë√¢y nh√© b : Am - Em - F - E7
88,L√†m ki·ªÉu g√¨ m√† d√¢y n√≥ rung dc nh∆∞ a v·∫≠y ·∫°
89,Tu·∫•n Anh Official m√¨nh d√πng app nh√© b. App ( BT Shutter ) c·ªßa IP nh√©
90,Hay l·∫Øm b·∫°n.
91,Y D∆∞·ª£c TV c·∫£m ∆°n b nhi·ªÅu nha ‚ù§Ô∏è
92,·ª¶ng h·ªôp b·∫°n nh·ªõ wa m√¨nh tt nha b·∫°n.!
93,"TU·∫§N C∆Ø·ªúNG VLOGS c·∫£m ∆°n b·∫°n nhaa üíö
Okkk n√®"
94,hi hay  qu√° b·∫°n... oi l t·∫∑ng b·∫°n
95,Q. music c·∫£m ∆°n b nha
0,√îi c√≥ m√¨nh mn ∆°i =))
1,Share li·ªÅn B√®o ∆°i =)))
2,B·∫°n ca sƒ© h√°t hay l·∫Øm. Ch√∫c nh√≥m th√†nh c√¥ng nh√© !
3,C·∫£m ∆°n b·∫°n nha!
4,Luv luv luv uuuuuuuu
0,Ui n√†y gi·ªëng nh∆∞ xu√¢n t√¢m v·∫≠y anhhh
1,hay qu√°
2,M√¨nh c·∫£m ∆°n b·∫°n nhi·ªÅu nha ‚ù§Ô∏è
3,Th·∫£ tym t·∫∑ng aiƒë·ªì :3
4,Hiihii. C·∫£m ∆°n ch·ªãii ü§™üòç‚ù§Ô∏è
5,"Hello c√°c b·∫°n !!  M·∫•y b·∫°n ƒë√£ thi xong h·∫øt ch∆∞aa? V√¨ l√Ω do m√¨nh ƒëang trong th·ªùi gian √¥n thi n√™n s·∫Ω √≠t ra video nh√©, mong mn th√¥ng c·∫£m cho m√¨nh nha
‚ù§Ô∏è V√† ƒë·ª´ng qu√™n n·∫øu th·∫•y hay th√¨ c√°c b·∫°n cho m√¨nh 1 l∆∞·ª£t subcribe v√† like nha, m√¨nh c·∫£m ∆°n c√°c b·∫°n nhi·ªÅu ‚ù§Ô∏è"
6,B·∫°n thu √¢m b·∫±ng g√¨ v·∫≠y ·∫°
7,H∆∞·ªõng d·∫´n b·∫°n ∆°i
8,Anh c√≥ tab kh√¥ng ·∫°???
9,Hung Anh Doan th·ªùi gian r·∫£nh th√¨ m√¨nh s·∫Ω l√†m nh√© b
10,@Nguy·ªÖn Thanh Nh√¢n anh c√≥ th·ªÉ h∆∞·ªõng d·∫´n kh√¥ng ·∫°??
11,Hung Anh Doan m√¨nh ƒë√°nh theo c·∫£m √¢m n√™n k c√≥ tab b·∫°n ·∫°
12,Anh ƒëang d√πng ƒë√†n g√¨ v·∫≠y ·∫°
13,ƒê·∫°t ƒêinh m√¨nh d√πng ƒë√†n rosen r135 nha
14,Solo qu√° hay lu√¥n b·∫°n ∆°i ‚ù§‚ù§ü§ùü§ùüòçüòç
15,Ho√†ng Giang Channel m√¨nh c·∫£m ∆°n b·∫°n nhi·ªÅu nhaaa üôÜ‚Äç‚ôÇÔ∏è‚ù§Ô∏è
16,"Guitar solo nghe hay l·∫Øm, th·∫≠t du d∆∞∆°ng. C·∫£m ∆°n b·∫°n nha üëçüëçüëçüòÄüîî"
17,Hi uÃâng h√¥Ã£ baÃ£n  ...like
18,Q. music m√¨nh c·∫£m ∆°n b·∫°n nhi·ªÅu nhaaa ‚ù§Ô∏è‚ù§Ô∏è
19,·ªû m·ª©c kh√°
20,Mong m·∫•y vid beat guitar n√†y b th√™m l·ªùi ƒë·ªÉ nh·ªØng ng∆∞·ªùi nh∆∞ m√¨nh bi·∫øt b·∫Øt ƒë·∫ßu v√†o l√∫c n√†o :((
21,Em mang ƒëi cho anhhh
22,"Hay l·∫Øm b , m√† c·∫ßn luy·∫øn th√™m nh√© .."
23,"Hay qu√°!
ƒê√∫ng fa c·ªßa m√¨nh lu√¥n"
24,Tui cx l√†m dut√∫pb∆° qua xem ƒë√™https://www.youtube.com/channel/UCs4kEEaIsGprNVivptoDP0w
25,"L·ªùi bh 
√Ånh trƒÉng l·∫°c l·ªëi gieo ph√π hoa duy√™n h√≥a th√†nh tro
M·∫∑t h·ªì rung l√™n mang h·∫°t m∆∞a xuy√™n n√°t l√≤ng ta
Tr√°i tim r·ªông l·ªõn thu nh√¢n gian trong ƒë√¥i m·∫Øt s·∫ßu lo
B·∫ßu tr·ªùi ri√™ng ta ru l·ªùi ca nh·∫Øn ai ƒë·ª´ng xa

H√† a ha √† a, nh·∫Øn ai ƒë·ª´ng xa
Nh√¨n t·ª´ng chi·∫øc l√° √∫a phai m√†u r·ª•ng r·ªùi ngo√†i hi√™n
H√† a ha √† a, m√¨nh ta v·ªõi ta th√¥i m√†
T·∫•m th√¢n n√†y ch·ªãu nhi·ªÅu ƒë·ªõn ƒëau l∆∞u luy·∫øn

Gi√≥ lung lay b√†n tay n√¢ng c√°nh hoa t√¨nh
D·∫´u trƒÉm nƒÉm ng∆∞·ªùi th∆∞∆°ng v·∫´n c√°ch xa m√¨nh
Thuy·ªÅn m√£i ra kh∆°i ƒëi v·ªÅ n∆°i con s√≥ng v√¥ h√¨nh
Ch·ªën xa xƒÉm tr√πng d∆∞∆°ng mu√¥n h∆∞·ªõng v·∫°n l√Ω"
26,L√¢u r ms xem a Nh√¢n
27,Minz Idol hihiiii
28,"M√¨nh th·∫•y r·∫•t hay ƒë·∫•y ·∫°‚ù§Ô∏è
Cho m√¨nh h·ªèi gi·ªù mu·ªën h·ªçc ƒë√°nh solo th√¨ n√™n b·∫Øt ƒë·∫ßu t·ª´ ƒë√¢u ·∫°"
29,Trang Nguyen b·∫°n c√≥ th·ªÉ xem nh·ªØng video h∆∞·ªõng d·∫´n Solo 1 b√†i n√†o ƒë√≥. V√† khi b t·∫≠p nhi·ªÅu th√¨ s·∫Ω d·∫ßn t·ª± m√≤ ra th√¥i ·∫°
30,Trang Nguyen b·∫°n c√≥ th·ªÉ xem nh·ªØng video h∆∞·ªõng d·∫´n Solo 1 b√†i n√†o ƒë√≥. V√† khi b t·∫≠p nhi·ªÅu th√¨ s·∫Ω d·∫ßn t·ª± m√≤ ra th√¥i ·∫°
31,Hay qu√° b·∫°n ∆°i
32,L√†m th·ª≠ 1 ƒëo·∫°n b√†i h·ªìng l√¢u m·ªông ƒëi Nh√¢n :))
33,Hieu Nguyen ·ª´aaaaa. ƒê·ªÉ g√¨ tui t·∫≠p
34,Nguy·ªÖn Thanh Nh√¢n  ƒê√°nh 1 ƒëo·∫°n thui :33
35,Hieu Nguyen u·∫ßy c√°i n√†y rappp tui r√°p d·ªü l·∫Ømmmm
36,Tr·ªùi h√¥m nay xinh c·ª±c
37,Th∆∞∆°ng ƒê·ªó kkkk
38,@Nguy·ªÖn Thanh Nh√¢n c·ªëng hi·∫øn cho ngh·ªá thu·∫≠t qu√°
39,Th∆∞∆°ng ƒê·ªó xinhhh. Nh√¢n tr√®o l√™n m√°i t√¥n quay lu√¥n √° :))
40,Cho m√¨nh h·ªèi b thu √¢m ki·ªÉu g√¨ v·∫≠y ·∫°
41,M√¨nh thu trong ph√≤ng t·∫Øm bth th√¥i ·∫°
42,Xin h·ª£p √¢m a:))
43,Dm7 - G7 - C - C7 nha b
44,Ng·∫°n √† :))
45,Tui l√† Nh√¢nnnn :3
46,U·∫ßy nghe ƒëy nghe l·∫°i lu√¥nüëèüèªüëèüèª
47,Minz Idol c·∫£m ∆°n e nha :3
48,Cho m√¨nh xin c√°ch r·∫£i v·ªõi h·ª£p √¢m v·ªõi
49,H√πng D∆∞∆°ng h·ª£p √¢m v√† ƒëi·ªáu m√¨nh l·∫•y t·ª´ b√†i ‚ÄúT√¨nh ƒë·∫Øng nh∆∞ ly c√† ph√™‚Äù nh√© b·∫°n. B·∫°n c√≥ th·ªÉ xem c√°ch ƒë√°nh c·ªßa b√†i ƒë√≥ tr√™n YouTube nh√©. C·∫£m ∆°n b·∫°n nhaaa üíö‚ù§Ô∏è
50,ü•∞
51,Uy√™n Phi üòç c·∫£m ∆°n Uy√™n Phi nhi·ªÅu nhaaaa ü•∞ü•∞üôÜ‚Äç‚ôÇÔ∏è
52,:)))
53,Potatou hihiii. C·∫£m ∆°n Woangg nhaaa üíöüíöüíö
54,*nghe hay l·∫Øm ƒë√≥ b·∫°n*
55,L·ª•c V√¢n Ti√™n TV tks b·∫°n nhaaaa ‚ù§Ô∏è‚ù§Ô∏è‚ù§Ô∏è
56,"Lyrics: 

Anh d·ª´ng ch√¢n, ng∆∞·ªõc nh√¨n tr·ªùi cao ng√†n mu√¥n √°nh sao 
ƒê·ªÉ bu·ªìn ƒëau ph·ªß l√™n b·ªù vai hao g·∫ßy 
Ng√†y m√† ta r·ªùi xa, quay l∆∞ng v·ªÅ nhau 
Li·ªáu ƒë√£ c√≥ ai ngo·∫£nh l·∫°i 
C·∫£ hai b∆∞·ªõc ƒëi v·ªôi v√†ng, m·ªôt k·∫øt th√∫c l·ª° l√†ng cho ta.

N∆°i gi·ªçt s∆∞∆°ng v·∫´n n·∫±m l·∫°i tr√™n d√≤ng kh√≥e m·∫Øt em 
L·ª° m·ªôt gi√¢y, ng√†n nƒÉm th√¨ c≈©ng v·∫´n v·∫≠y 
D∆∞ √¢m ng√†y n√†o nh∆∞ v·∫´n c√≤n b√™n tai 
Nh∆∞ng nay ƒë√£ theo b√≥ng ai 
R·ªìi mai sau gi√† ƒëi li·ªáu anh c√≥ c√≤n ti·∫øc nu·ªëi.
 
Ng√†n l·∫ßn anh y·∫øu ƒëu·ªëi, ng√†n l·∫ßn ƒë·ªÉ n∆∞·ªõc m·∫Øt r∆°i 
ƒê·ªÉ r·ªìi ch·ª£t nh·∫≠n ra nƒÉm th√°ng kia c≈©ng ƒë√£ v·ªôi qua 

Ch·∫≠m l·∫°i m·ªôt gi√¢y cu·ªëi, ƒë·ªÉ anh ƒë∆∞·ª£c √¥m l·∫•y em 
V√¨ anh hi·ªÉu m√£i sau c≈©ng ch·∫≥ng t√¨m ƒë∆∞·ª£c ng∆∞·ªùi nh∆∞ em 
Ch·∫≥ng th·ªÉ t√¨m ƒë∆∞·ª£c em...

Bao ng√†y qua anh ho√†i ch√¨m trong h·ªìi ·ª©c ƒë√£ xa 
Ch·ª£t nh·∫≠n ra b·ªè qu√™n nh·ªØng th·ª© tr∆∞·ªõc m·∫∑t 
Ch·ªù ƒë·ª£i m·ªôt ng∆∞·ªùi c≈©ng ƒë√£ bao l√¢u 
D√π ƒë√£ bi·∫øt tr∆∞·ªõc s·∫Ω ch·∫≥ng t√¨m th·∫•y nhau 
ƒê·ªÉ r·ªìi anh c≈©ng ph·∫£i nh·∫≠n ra em ƒë√£ xa m√£i 

Ng√†n l·∫ßn anh y·∫øu ƒëu·ªëi,
Ng√†n l·∫ßn ƒë·ªÉ n∆∞·ªõc m·∫Øt r∆°i,
ƒê·ªÉ r·ªìi ch·ª£t nh·∫≠n ra nƒÉm th√°ng kia c≈©ng ƒë√£ v·ªôi qua 

Ch·∫≠m l·∫°i m·ªôt gi√¢y cu·ªëi,
ƒê·ªÉ anh ƒë∆∞·ª£c √¥m l·∫•y em 
V√¨ anh hi·ªÉu m√£i sau c≈©ng ch·∫≥ng t√¨m ƒë∆∞·ª£c ng∆∞·ªùi nh∆∞ em
Ch·∫≥ng th·ªÉ t√¨m ƒë∆∞·ª£c em..."
57,Anh t√¨m em ch∆∞a ƒë·ªë anh b·∫Øt ƒëc em ƒë·ªë anh b·∫Øt ƒëc emmm
58,Guitar hay ƒë√≥ b·∫°n . Ch√∫c b·∫°n m·ªôt ng√†y th√†nh c√¥ng. . gh·∫ø l√°i k√™nh m√¨nh nh√© ‚ù§Ô∏è‚ù§Ô∏è‚ù§Ô∏è‚ù§Ô∏è‚ù§Ô∏è
59,"M·∫•t m√†u b√†i h√°t r·ªìi b·∫°n ∆°i, c√≥ v√†i h·ª£p √¢m kh√¥ng chu·∫©n b√†i h√°t l·∫Øm"
60,Ui hay qa.‚ù§m·ªõi cover ƒëc lu√¥nüÜóü•∞
61,1:29
62,1:30 em th·∫•y tuy·ªát l·∫Øm ·∫°
63,Hay qu√° b·∫°n ∆°i.xin phepd b·∫°n m√¨nh d√πng beat n√†y cover ƒë∆∞·ª£c kh√¥ng.m√¨nh s·∫Ω ghi ngu·ªìn
64,M·ªçi ng∆∞·ªùi gi√∫p m√¨nh ƒë·∫°t ƒë∆∞·ª£c 1000 Subcribe v·ªõi nhaaa. :3
65,"Hay ƒë·∫•y b·∫°n ∆°i, c·∫£m ∆°n v√† ch√∫c m·ª´ng b·∫°n!"
66,M√¨nh c·∫£m ∆°n b·∫°n nha :3
67,B·∫°n ∆°i cho d√≤ng ch·ªØ ch·∫°y m√†u v√†ng √Ω m·ªõi d·ªÖ h√°t
68,M√¨nh c·∫£m ∆°n b·∫°n ƒë√£ g√≥p √Ω nha :3
69,1:28
70,M√¨nh v·ª´a Cover b√†i n√†y. Mong m·ªçi ng∆∞·ªùi qua nghe th·ª≠ ·∫°
71,Hay qu√° b·∫°n <3 <3 . Cho m√¨nh xin ph√©p d√πng beat guitar n√†y ƒë·ªÉ cover ƒë∆∞·ª£c ko b·∫°n. M√¨nh s·∫Ω ghi ngu·ªìn. Hix. Hay qu√°
72,Okee b·∫°n. :3. Nh·ªõ ghi ngu·ªìn l√† ƒë∆∞·ª£c nha hihii
73,"Beat hay qu√°, m√¨nh ƒÉn xin nh√© üòé"
74,@Nguy·ªÖn Thanh Nh√¢n mau ra b√†i kh√°c nh√© b·∫°n. Nghe th√¥i c≈©ng th·∫•y th∆∞ gi√£n
75,B·∫°n nh·ªõ ghi ngu·ªìn l√† ƒë∆∞·ª£c ·∫°. M√¨nh c·∫£m ∆°n :3
76,Kh√≥ v√†o qu√°
77,T·∫°i m√¨nh l√†m video b·∫±ng ƒëi·ªán tho·∫°i n√™n k lyrics karaoke ƒë∆∞·ª£c. M√¨nh ch·ªâ canh l·ªùi th√¥i ·∫°. :< b·∫°n th√¥ng c·∫£m cho m√¨nh v·ªõi nhaa :3
78,B·∫°n ∆°i b·∫°n r·∫£i nh∆∞ n√†o v
79,M√¨nh qu·∫°t Th√¥ng th∆∞·ªùng th√¥i b·∫°n
80,M√¨nh qu·∫°t Th√¥ng th∆∞·ªùng th√¥i b·∫°n
81,Ch·ªó ƒë·ªÉ r·ªìi ch·ª£t nh·∫≠n ra b·∫°n qu·∫°t chia ƒë√¥i h·∫£
82,M√¨nh r·∫£i theo ƒëi·ªáu Ballad nha: Bass _ 3 _ 21 _ 3 _ Bass
83,Mk c√≥ th·ªÉ xin beat ƒë·ªÉ cover kh√¥ng. H·ª©a ghi ngu·ªìn ·∫°
84,@Nguy·ªÖn Thanh Nh√¢n Ok ·∫°
85,Nh·ªõ ghi ngu·ªìn l√† ƒëc ·∫°
86,hay qu√°
87,C·∫£m ∆°n b·∫°n nhi·ªÅu nha ‚ù§Ô∏è
88,H·∫° 1 tone n·ª≠a ca m·ªõi n·ªïi ƒëo·∫°n cao tr√†o
89,Ch·∫Øc tone g·ªëc kh√° l√† cao ƒë√≥ b
90,Cho em xin h·ª£p √¢m ƒëc ko ·∫° ?
91,@Nguy·ªÖn Thanh Nh√¢n  thank nhi·ªÅu nh√©
92,s√≥i c√¥ ƒë·ªôc C - Am - F - G nh√© b
93,·ª¶ng h·ªô nhau kh√¥ng anh b·∫°n hoeenf
94,·ª¶ng h·ªô nhau kh√¥ng a b·∫°n ∆°i!
95,"Ng√†y m√† em ƒë·∫øn ƒë√£ l√†m cho tr√°i tim hy v·ªçng.
D·ªãu d√†ng h∆∞∆°ng hoa ƒëang kh·∫Ω n√¥ ƒë√πa m√°i t√≥c em.
N·ª• c∆∞·ªùi duy√™n d√°ng cho l√≤ng anh nh·ªõ th∆∞∆°ng em nhi·ªÅu.
R·ªìi ng√†y em ƒëi, cho l√≤ng anh d∆∞·ªùng nh∆∞ v·ª° tan.üíî

ƒêk:
L√† v√¨ em ƒë√£ h·∫øt th∆∞∆°ng t√¥i r·ªìi, gi·ªù em ƒë√£ c√≥ ai b√™n ƒë·ª£iüôÇüíî
T√¥i ƒë·ª£ chi 1 ng∆∞·ªùi kh√¥ng th∆∞∆°ng.
T√¥i ch·ªù chi ng∆∞·ªùi l√†m t√¥i ƒëau
Gi·ªù ƒë√¢y n·∫øu c√≥ quay tr·ªü v·ªÅ, th√¨ con tim ƒë√£ th√¥i mong ch·ªù
Em v·ªÅ ƒëi~ üôÅ mong ch·ªù chi ~ v·ª° tan t√¨nh ta‚Ä¶"
96,C√≥ tab ko a
97,Nghƒ©a L√¢m Trung m√¨nh ƒë√†n ng·∫´u h·ª©ng n√™n k c√≥ tab nha b·∫°n. :((
98,Nh·∫°c giuta nghe im tai qu√° m√¨nh r·∫•t th√≠ch nghe giai ƒëi·ªáu n√†y ra th√™m n·ª≠a ad nh√©..!
99,Ng·ªçc Ng·ªçc Ad s·∫Ω c·ªë ra th√™mm nha. C·∫£m ∆°n b ƒë√£ ·ªßng h·ªô m√¨nh :>
100,B·∫°n solo hay qu√° ch√∫c b pt
101,Tu·∫•n mtv tks b·∫°n
102,Hay ƒë·∫•y b·∫°n
103,Vinh Luong the Tks b·∫°n nhi·ªÅuuuu
104,"R·∫•t hay, c·∫£m ∆°n b·∫°n nh√©."
105,Solo nh·∫°c hay
106,Tri·ªáu Huy Phong  c·∫£m ∆°n b nhi·ªÅu ·∫°
107,m√¨nh c≈©ng b√™n ƒë√†n n√†y..mong c√≥ ng√†y giao luu
108,Tr∆∞·ªùng Hu·ª≥nh okeeee ·∫° :3
109,Hay lƒÉÃÅm baÃ£n ‚ù§Ô∏è‚ù§Ô∏è‚ù§Ô∏è‚ù§Ô∏è
110,Hay qu√° b·∫°n ∆°i
111,NHUNG TR·∫¶N GV c·∫£m ∆°n b nh√¨uuuu ·∫° ‚ù§Ô∏è‚ù§Ô∏è‚ù§Ô∏è
112,B·∫°n ƒë√†n nghe hay l·∫Øm. Ng√†y x∆∞a c≈©ng th√≠ch nh∆∞ng k h·ªçc n·ªïi
113,PVP Tivi m√¨nh c·∫£m ∆°n b·∫°n nha ‚ù§Ô∏è. Ch·ªâ c·∫ßn c√≥ ƒëam m√™ v√† c·ªë g·∫Øng l√† ƒë∆∞·ª£c b·∫°n ·∫° üíö
114,ok
115,"Solo hay qu√°, m√¨nh c≈©ng bi·∫øt ƒë√†n s∆° s∆°"
116,Next m·ªôt ƒë√™m C·∫£m ∆°n b·∫°n nh√¨uuuu nhaaaa :3. C·ªë t·∫≠p l√™n b·∫°n hihi
117,hay qu√° b·∫°n ∆°iiiiiiiiiii
118,HTN troll c·∫£m ∆°n b nh√¨uuuu nhaaaa üíöüíöüíö
119,Hay qu√°
120,D≈©ng nh·∫°c vlogs c·∫£m ∆°n b nh√¨uuuuu
121,B·∫°n ƒë√†n hay l·∫Øm
122,ƒêam M√™ V√† SƒÉn B·∫Øt c·∫£m ∆°n b nhaaaa :3
123,Hay
124,D·ªãch V·ª• Facebook tks b·∫°n nh·ª©
125,"C·∫£m ∆°n mn ƒë√£ l·∫Øng nghe v√† gh√© qua ph·∫ßn b√¨nh lu·∫≠n n√†y, n·∫øu c√°c b·∫°n th·∫•y hay th√¨ cho m√¨nh 1 like v√† 1 l∆∞·ª£t Subcribe nh√©
-
M√¨nh c·∫£m ∆°n mn ƒë√£ ·ªßng h·ªô m√¨nh trong th·ªùi gian qua ‚ù§Ô∏è"
126,"Sao b·∫°n quay ƒë∆∞·ª£c d√¢y ƒë√†n n√≥ l∆∞·ª£n s√≥ng hay z·∫≠y,ch·ªâ v·ªõi b·∫°n quay b·∫±ng ph·∫ßn m·ªÅm g√¨ v·∫≠y c·∫£m ∆°n b·∫°n"
127,nguy·ªÖn c√¥ng danh ƒë√∫ng r b·∫°n. M√¨nh d√πng app Inshot ƒë·ªÉ ch·ªânh m√†u l·∫°i √°
128,@Nguy·ªÖn Thanh Nh√¢n √† t·∫°i th·∫•y b·∫°n quay tr·ªùi ƒë·∫πp b·∫°n ch·ªânh m√†u l·∫°i h·∫£
129,nguy·ªÖn c√¥ng danh m√¨nh d√πng ƒët IP quay camera th∆∞·ªùng √° b·∫°n. B·∫°n ch·ªâ c·∫ßn quay ra n·∫Øng l√† d√¢y ƒë√†n n√≥ l∆∞·ª£n s√≥ng √°.
130,B·∫°n c√≥ b·∫•m h·ª£p √¢m k hay l√† ƒë√†n tr√™n d√¢y th√¥i??
131,Thi Dep Cao m√¨nh ƒë√°nh nh∆∞ b√¨nh th∆∞·ªùng m·ªõi ƒë∆∞·ª£c ch·ª© b ü§£.
132,"Th·∫•p tho√°ng √°nh m·∫Øt ƒë√¥i m√¥i mang theo h∆∞∆°ng m√™ say
Em cho anh tan trong mi√™n man qu√™n lu√¥n ƒëi ƒë√™m ng√†y
Ch·∫°m nh·∫π v·ªôi v√†ng hai ba gi√¢y nh∆∞ng con tim ƒë√¢u hay
B·ªëi r·ªëi kh·∫Ω l√™n ng√¥i y√™u th∆∞∆°ng ƒëong ƒë·∫ßy th·∫≠t ƒë·∫ßy
Anh ng·∫©n ng∆° c·ª© ng·ª°
ƒê√≥ ch·ªâ l√† gi·∫•c m∆°
Anh ng·∫©n ng∆° c·ª© ng·ª°

Nh∆∞ng ƒëang ng·∫•t ng√¢y trong gi·∫•c m∆°
Th·∫≠t ng·ªçt ng√†o √™m d·ªãu ƒë·∫Øm ch√¨m ph√∫t ch·ªëc vi·∫øt t∆∞∆°ng t∆∞ gieo n√™n th∆°
C√≥ c√¢u ca trong gi√≥ h√°t ng√¢n nga ru tr·ªùi m√¢y nh·∫π nh√†ng ƒë√≥n ban mai ngang qua trao n·ª• c∆∞·ªùi
N·∫Øng ƒëua chen khoe s·∫Øc vui ƒë√πa gi·ªØa mu√¥n ng√†n hoa d·ªãu d√†ng ƒë·∫øn nh√¢n gian √¢u y·∫øm t√¢m h·ªìn ng∆∞·ªùi
H√¨nh nh∆∞ ch√≠nh em
Cho anh mong ch·ªù
H√¨nh nh∆∞ ch√≠nh em
Cho anh v·∫•n v∆∞∆°ng
ƒê·ª´ng th·ªù ∆° xin h√£y l·∫Øng nghe v√† gi√∫p anh tr·∫£ l·ªùi ƒë√¥i ƒëi·ªÅu c√≤n bƒÉn khoƒÉn
C√≥ ch·∫Øc y√™u l√† ƒë√¢y ƒë√¢y ƒë√¢y
C√≥ ch·∫Øc y√™u l√† ƒë√¢y ƒë√¢y 
C√≥ ch·∫Øc y√™u l√† ƒë√¢y ƒë√¢y ƒë√¢y
C√≥ ch·∫Øc y√™u l√† ƒë√¢y ƒë√¢y
Em lang thang c·∫£ ng√†y trong t√¢m tr√≠
ƒêi kh√¥ng ng·ª´ng c·∫£ ng√†y trong t√¢m tr√≠
Si m√™ th√™m cu·ªìng quay
Ah uhhhhh
C√≥ ch·∫Øc y√™u l√† ƒë√¢y"
133,C√≥ tab kh anh
134,"koutgg Nguyenbhh kh√¥ng c√≥ nh√© b·∫°n. Do m√¨nh ƒë√°nh ng·∫´u h·ª©ng theo c·∫£m √¢m √°.
C·∫£m ∆°n b·∫°n ƒë√£ ·ªßng h·ªô ·∫°"
135,Nh√¨n ng√≥n tay l∆∞·ªõt tr√™n ph√≠m ƒë√†n th·∫•y th√≠ch g√™. Mong ƒëc tt c√πng b·∫°nüëçüîî
136,b·∫°n ch∆°i guitar hay qu√° .tuy·ªát v·ªùi
137,PHAN THAI CUONG m√¨nh c·∫£m ∆°n b nhi·ªÅu ·∫°h
138,ƒê√£ sub ·∫°
139,SonTran TV tks b nha. M√¨nh sub cho b r ƒë·∫•y kkk
140,hi qu√° hay lu√¥n b·∫°n m√¨nh ∆°i hihi
141,C·∫£m ∆°n b nhi·ªÅu nhaa ‚ù§Ô∏è
142,Cho NhƒÉn 1 like n√®e:>
143,Tks nhaaa
144,A ∆°i cho e xin v√≤ng h·ª£p √¢m dc ko ·∫°
145,H·ª£p √¢m l√† Dm7 G C Am nha b·∫°n
146,M·∫•y b√†i video solo nh∆∞ last night √¥ng quay b·∫±ng ƒëi·ªán tho·∫°i g√¨ th·∫ø
147,Nh·ªõ ·ªßng h·ªô m√¨nh v·ªõi nhaa. :3. M√¨nh c·∫£m ∆°n nhi·ªÅuuuu
148,@Nguy·ªÖn Thanh Nh√¢n oke c.∆°n nha
149,Tui quay b·∫±ng ip5 cam th∆∞·ªùng r·ªìi b·ªè ƒëi·ªán tho·∫°i v√†o trong th√¥i
150,Dm idol Nh√¢n
151,Kkkkk :3
152,Good job Nh√¢n oie
153,@Nguy·ªÖn Thanh Nh√¢n b·∫£o luon ·ªßng h·ªô nh√¢n
154,C·∫£m ∆°n b·∫°n nhaa :3
155,Hay ·∫° :3
156,Tks b nhaaa ‚ù§Ô∏è
157,"Nay v·ª©t li√™m s·ªâ xin in4 anh 
Ch·ª© theo d√µi l√¢u r·ªìi m√† kh√¥ng d√°m xin"
158,@Nguy·ªÖn Thanh Nh√¢n Yu Mi lu√¥n √° anh
159,@Mi Ju t√™n g√¨ h·∫£ emm ?
160,@Nguy·ªÖn Thanh Nh√¢n √Ω l√† em add anh r·ªìi √° idol h√≥ng anh ch·∫•p nh·∫≠n üòÑ
161,Anh c√≥ ƒë·ªÉ ph·∫ßn gi·ªõi thi·ªáu chung √° em
162,‚ù§Ô∏è hay bro √™
163,:3 m√¨nh c·∫£m ∆°n nhaaa
164,Hay
165,@ken GM  k nh·ªõ lu√¥nn
166,"A ko nh·ªõ em l√† ai √†,00 h mik g·∫∑p nhau"
167,M√¨nh c·∫£m ∆°n B·∫°n nhi·ªÅu nhaa :3
