action_type,author.badges.0.icon_name,author.badges.0.title,author.id,author.images.0.id,author.images.0.url,author.images.1.height,author.images.1.id,author.images.1.url,author.images.1.width,author.images.2.height,author.images.2.id,author.images.2.url,author.images.2.width,author.name,emotes.0.id,emotes.0.images.0.id,emotes.0.images.0.url,emotes.0.images.1.height,emotes.0.images.1.id,emotes.0.images.1.url,emotes.0.images.1.width,emotes.0.images.2.height,emotes.0.images.2.id,emotes.0.images.2.url,emotes.0.images.2.width,emotes.0.is_custom_emoji,emotes.0.name,emotes.0.search_terms.0,emotes.0.shortcuts.0,emotes.1.id,emotes.1.images.0.id,emotes.1.images.0.url,emotes.1.images.1.height,emotes.1.images.1.id,emotes.1.images.1.url,emotes.1.images.1.width,emotes.1.images.2.height,emotes.1.images.2.id,emotes.1.images.2.url,emotes.1.images.2.width,emotes.1.is_custom_emoji,emotes.1.name,emotes.1.search_terms.0,emotes.1.shortcuts.0,message,message_id,message_type,time_in_seconds,time_text,timestamp
add_chat_item,,,UCtqez0m6_LAV3TJyZI9qIkA,source,https://yt4.ggpht.com/ytc/AAUvwngnBVOMhBWgIdY76OP8rmq7WC4XqzTmNst_cg,32,32x32,https://yt4.ggpht.com/ytc/AAUvwngnBVOMhBWgIdY76OP8rmq7WC4XqzTmNst_cg=s32-c-k-c0x00ffffff-no-rj,32,64,64x64,https://yt4.ggpht.com/ytc/AAUvwngnBVOMhBWgIdY76OP8rmq7WC4XqzTmNst_cg=s64-c-k-c0x00ffffff-no-rj,64,ƒê·∫Øc L√™ Thanh,UCkszU2WH9gy1mb0dV-11UJg/8P50XuS9Oo7h8wSqtIagBA,source,https://yt3.ggpht.com/ktU04FFgK_a6yaXCS1US-ReFkLjD22XllcIMOyBRHuYKLsrxpVxsauV1gSC2RPraMJWXpWcY,24,24x24,https://yt3.ggpht.com/ktU04FFgK_a6yaXCS1US-ReFkLjD22XllcIMOyBRHuYKLsrxpVxsauV1gSC2RPraMJWXpWcY=w24-h24-c-k-nd,24,48,48x48,https://yt3.ggpht.com/ktU04FFgK_a6yaXCS1US-ReFkLjD22XllcIMOyBRHuYKLsrxpVxsauV1gSC2RPraMJWXpWcY=w48-h48-c-k-nd,48,True,:dothefive:,dothefive,:dothefive:,,,,,,,,,,,,,,,,:dothefive::dothefive::dothefive:,CkUKGkNJbldtTVdhaF9BQ0ZYRUNyUVlkZ044QU1nEidDTlQ4dnIyYWhfQUNGZGRBOVFVZEx0a0hCdzE2MTg3Mjg3NTQ5NTA%3D,text_message,43.769,0:43,1618728758684469
add_chat_item,,,UCNuwXCgXsjvtdN3nMvTBioQ,source,https://yt4.ggpht.com/ytc/AAUvwnjnY48sEx1L69waCrepXPuCt5a22V6lx0Rm3g,32,32x32,https://yt4.ggpht.com/ytc/AAUvwnjnY48sEx1L69waCrepXPuCt5a22V6lx0Rm3g=s32-c-k-c0x00ffffff-no-rj,32,64,64x64,https://yt4.ggpht.com/ytc/AAUvwnjnY48sEx1L69waCrepXPuCt5a22V6lx0Rm3g=s64-c-k-c0x00ffffff-no-rj,64,Vinh Le,,,,,,,,,,,,,,,,,,,,,,,,,,,,,,,T∆∞·ªüng A g·ªçi ai g·ªçi c√°i b·ªçn v·ª´a c√¢m v·ª´a ƒëi·∫øc !,CkUKGkNLaXBwb3liaF9BQ0Zkc19yUVlkMEp3SGNREidDS3lYbzVtYWhfQUNGWU1YV0FvZHhmNEthdzE2MTg3Mjg5MDY5NTA%3D,text_message,161.438,2:41,1618728907805930
add_chat_item,,,UCSTMLmPUytR4-MxYaAuEEWQ,source,https://yt4.ggpht.com/ytc/AAUvwnjbl9jEmzd5ZslOiEe7NABdgqCGi6srfSYc-A,32,32x32,https://yt4.ggpht.com/ytc/AAUvwnjbl9jEmzd5ZslOiEe7NABdgqCGi6srfSYc-A=s32-c-k-c0x00ffffff-no-rj,32,64,64x64,https://yt4.ggpht.com/ytc/AAUvwnjbl9jEmzd5ZslOiEe7NABdgqCGi6srfSYc-A=s64-c-k-c0x00ffffff-no-rj,64,Minh Ng·ªçc,,,,,,,,,,,,,,,,,,,,,,,,,,,,,,,Qu·∫£n l√Ω (ƒê). ƒë·ªÉ l·∫•y ti·ªÅn nu√¥i ( L)...?,CkUKGkNOdVM1cGFiaF9BQ0ZZZ0FyUVlkdEdFS0VnEidDUENfM1BpYWhfQUNGWWFlV0FvZEVmQUZQQTE2MTg2ODU3OTM2NDU%3D,text_message,181.993,3:01,1618728929823098
add_chat_item,,,UCSTMLmPUytR4-MxYaAuEEWQ,source,https://yt4.ggpht.com/ytc/AAUvwnjbl9jEmzd5ZslOiEe7NABdgqCGi6srfSYc-A,32,32x32,https://yt4.ggpht.com/ytc/AAUvwnjbl9jEmzd5ZslOiEe7NABdgqCGi6srfSYc-A=s32-c-k-c0x00ffffff-no-rj,32,64,64x64,https://yt4.ggpht.com/ytc/AAUvwnjbl9jEmzd5ZslOiEe7NABdgqCGi6srfSYc-A=s64-c-k-c0x00ffffff-no-rj,64,Minh Ng·ªçc,,,,,,,,,,,,,,,,,,,,,,,,,,,,,,,ƒê√°y l√† c√°n b√¥ m√π lu√¢t...?,CkUKGkNPSzFsNDJjaF9BQ0ZYRUNyUVlkZ044QU1nEidDUENfM1BpYWhfQUNGWWFlV0FvZEVmQUZQQTE2MTg2ODYwNDE4OTE%3D,text_message,429.382,7:09,1618729178094343
add_chat_item,,,UCNuwXCgXsjvtdN3nMvTBioQ,source,https://yt4.ggpht.com/ytc/AAUvwnjnY48sEx1L69waCrepXPuCt5a22V6lx0Rm3g,32,32x32,https://yt4.ggpht.com/ytc/AAUvwnjnY48sEx1L69waCrepXPuCt5a22V6lx0Rm3g=s32-c-k-c0x00ffffff-no-rj,32,64,64x64,https://yt4.ggpht.com/ytc/AAUvwnjnY48sEx1L69waCrepXPuCt5a22V6lx0Rm3g=s64-c-k-c0x00ffffff-no-rj,64,Vinh Le,,,,,,,,,,,,,,,,,,,,,,,,,,,,,,,th·∫ø th√¨ l·∫•y c√°i c·ªù c·ªù g√¨ m√† c·ª© su·ªët ng√†y ra r·∫£ l√† quang vinh l√† mu√¥n nƒÉm . m ki√™,CkUKGkNJeXdqSi1jaF9BQ0Zla2xyUVlkcFZ3Q01nEidDS3lYbzVtYWhfQUNGWU1YV0FvZHhmNEthdzE2MTg3MjkyMTQ4MTA%3D,text_message,467.087,7:47,1618729215662129
add_chat_item,,,UCu2nAyb5xIdXWE2sfRZDlKA,source,https://yt4.ggpht.com/ytc/AAUvwnjOzsL_IEWmfEIrvsvVkRo_aFUCQvTAsalE4fYO,32,32x32,https://yt4.ggpht.com/ytc/AAUvwnjOzsL_IEWmfEIrvsvVkRo_aFUCQvTAsalE4fYO=s32-c-k-c0x00ffffff-no-rj,32,64,64x64,https://yt4.ggpht.com/ytc/AAUvwnjOzsL_IEWmfEIrvsvVkRo_aFUCQvTAsalE4fYO=s64-c-k-c0x00ffffff-no-rj,64,V -Playz,,,,,,,,,,,,,,,,,,,,,,,,,,,,,,,üëçüëçüëç,CjoKGkNNS2x0TldjaF9BQ0ZlQU5yUVlkRHo0SlV3EhxDTmVkdDlDY2hfQUNGUlBsT0FZZE85NElQQS0w,text_message,581.345,9:41,1618729329562430
add_chat_item,,,UCSTMLmPUytR4-MxYaAuEEWQ,source,https://yt4.ggpht.com/ytc/AAUvwnjbl9jEmzd5ZslOiEe7NABdgqCGi6srfSYc-A,32,32x32,https://yt4.ggpht.com/ytc/AAUvwnjbl9jEmzd5ZslOiEe7NABdgqCGi6srfSYc-A=s32-c-k-c0x00ffffff-no-rj,32,64,64x64,https://yt4.ggpht.com/ytc/AAUvwnjbl9jEmzd5ZslOiEe7NABdgqCGi6srfSYc-A=s64-c-k-c0x00ffffff-no-rj,64,Minh Ng·ªçc,,,,,,,,,,,,,,,,,,,,,,,,,,,,,,,C√≥ khi √¥ng n√†y khai qu√¢t c·∫£ m·∫£ b·ªë √¥ng ·∫•y l√™n ƒë√≤i b√¨a ƒë·ªè ( ƒë·ªÉ l√†m quy·ªÅn th√πa k·∫ø )...?,CkUKGkNLTDBnZjZjaF9BQ0ZTQXRyUVlkU0hrRHZREidDUENfM1BpYWhfQUNGWWFlV0FvZEVmQUZQQTE2MTg2ODYyNzg1MzA%3D,text_message,666.509,11:06,1618729414720082
add_chat_item,,,UCqp86-UcIT0j8bt4HD7jEUA,source,https://yt4.ggpht.com/ytc/AAUvwnjb0tCGQPu2kXtxuNW5QgU8uLNBwqvETVBEvw,32,32x32,https://yt4.ggpht.com/ytc/AAUvwnjb0tCGQPu2kXtxuNW5QgU8uLNBwqvETVBEvw=s32-c-k-c0x00ffffff-no-rj,32,64,64x64,https://yt4.ggpht.com/ytc/AAUvwnjb0tCGQPu2kXtxuNW5QgU8uLNBwqvETVBEvw=s64-c-k-c0x00ffffff-no-rj,64,T√†i L√™ H·ªØu,,,,,,,,,,,,,,,,,,,,,,,,,,,,,,,th·ªùi bu·ªïi n√†y c√≤n nh·ªØng c√°n b·ªô nh∆∞ th·∫ø n√†y h·ªèng h·∫øt ƒë·∫•t n∆∞·ªõc,CkUKGkNLVEN1cHFmaF9BQ0ZXNGxyUVlkODZrQzNREidDTTJLMHJxYmhfQUNGVWNOV0FvZC0wa0VZUTE2MTg3MzAwMDk2MTk%3D,text_message,1263.896,21:03,1618730011238729
add_chat_item,,,UCiNXIwc2ZO3PcyssI-OBrlQ,source,https://yt4.ggpht.com/ytc/AAUvwniPc2NMKuVMPMNjXxL1pG3RBsG32xJIRV0anA,32,32x32,https://yt4.ggpht.com/ytc/AAUvwniPc2NMKuVMPMNjXxL1pG3RBsG32xJIRV0anA=s32-c-k-c0x00ffffff-no-rj,32,64,64x64,https://yt4.ggpht.com/ytc/AAUvwniPc2NMKuVMPMNjXxL1pG3RBsG32xJIRV0anA=s64-c-k-c0x00ffffff-no-rj,64,nguyen trungdung,,,,,,,,,,,,,,,,,,,,,,,,,,,,,,,Anh cho s·ªë de em gi√∫p?,CjoKGkNMT3l5cUtmaF9BQ0ZTQXRyUVlkU0hrRHZREhxDSjJaMy1pYmhfQUNGVnRWaFFvZFo1MENYQS0w,text_message,1281.094,21:21,1618730028276054
add_chat_item,,,UClZ8byfHaJnI3zq7mTERP-g,source,https://yt4.ggpht.com/ytc/AAUvwnjDPQ0tAHKdnhozbUOtWlbE-6alOiVT7VCxOw,32,32x32,https://yt4.ggpht.com/ytc/AAUvwnjDPQ0tAHKdnhozbUOtWlbE-6alOiVT7VCxOw=s32-c-k-c0x00ffffff-no-rj,32,64,64x64,https://yt4.ggpht.com/ytc/AAUvwnjDPQ0tAHKdnhozbUOtWlbE-6alOiVT7VCxOw=s64-c-k-c0x00ffffff-no-rj,64,Nh∆∞ Qu·ª≥nh,,,,,,,,,,,,,,,,,,,,,,,,,,,,,,,·ª´ th√¨ s√°ng cap √¥ ƒëi chieu cap √¥ ve...!!?,CkUKGkNNYkRfYmVmaF9BQ0ZUVVhmUW9kTThRQ0JREidDTDNVME9tZGhfQUNGUS05V0FvZEdmSUUydzE2MTg3MzAwODcxNjk%3D,text_message,1326.295,22:06,1618730073154022
add_chat_item,,,UCiNXIwc2ZO3PcyssI-OBrlQ,source,https://yt4.ggpht.com/ytc/AAUvwniPc2NMKuVMPMNjXxL1pG3RBsG32xJIRV0anA,32,32x32,https://yt4.ggpht.com/ytc/AAUvwniPc2NMKuVMPMNjXxL1pG3RBsG32xJIRV0anA=s32-c-k-c0x00ffffff-no-rj,32,64,64x64,https://yt4.ggpht.com/ytc/AAUvwniPc2NMKuVMPMNjXxL1pG3RBsG32xJIRV0anA=s64-c-k-c0x00ffffff-no-rj,64,nguyen trungdung,,,,,,,,,,,,,,,,,,,,,,,,,,,,,,,Anh ki·ªÅu cho em s·ªë?,CjoKGkNKeTNxYnVmaF9BQ0Zkc19yUVlkMEp3SGNREhxDSjJaMy1pYmhfQUNGVnRWaFFvZFo1MENYQS0x,text_message,1332.983,22:12,1618730080164833
add_chat_item,,,UCARF4rwmUjzD5mTJLojcbuw,source,https://yt4.ggpht.com/ytc/AAUvwnj0Hcf-r_YClAMX9zYlzdUTsQGeEbGD0Zl2GemJHA,32,32x32,https://yt4.ggpht.com/ytc/AAUvwnj0Hcf-r_YClAMX9zYlzdUTsQGeEbGD0Zl2GemJHA=s32-c-k-c0x00ffffff-no-rj,32,64,64x64,https://yt4.ggpht.com/ytc/AAUvwnj0Hcf-r_YClAMX9zYlzdUTsQGeEbGD0Zl2GemJHA=s64-c-k-c0x00ffffff-no-rj,64,Tr·ªçng Nguy·ªÖn Qu·ªëc,,,,,,,,,,,,,,,,,,,,,,,,,,,,,,,ph·∫£i c√¥ng nh·∫≠n l√† qu√° kh·ªën n·∫°n,CkUKGkNJYlg5SXlnaF9BQ0ZiTWFyUVlkTlpnRDF3EidDTV9sZ3ZHZWhfQUNGUTFTaFFvZDhJY0xaZzE2MTg3MzAyNTAzNjc%3D,text_message,1503.533,25:03,1618730251266981
add_chat_item,,,UCARF4rwmUjzD5mTJLojcbuw,source,https://yt4.ggpht.com/ytc/AAUvwnj0Hcf-r_YClAMX9zYlzdUTsQGeEbGD0Zl2GemJHA,32,32x32,https://yt4.ggpht.com/ytc/AAUvwnj0Hcf-r_YClAMX9zYlzdUTsQGeEbGD0Zl2GemJHA=s32-c-k-c0x00ffffff-no-rj,32,64,64x64,https://yt4.ggpht.com/ytc/AAUvwnj0Hcf-r_YClAMX9zYlzdUTsQGeEbGD0Zl2GemJHA=s64-c-k-c0x00ffffff-no-rj,64,Tr·ªçng Nguy·ªÖn Qu·ªëc,,,,,,,,,,,,,,,,,,,,,,,,,,,,,,,kh·ªën n·∫°n v√† kh·ªën n·∫°n qu√°,CkUKGkNLN284NW1naF9BQ0Zmb0RyUVlkN01JQUNBEidDTV9sZ3ZHZWhfQUNGUTFTaFFvZDhJY0xaZzE2MTg3MzAyNzc2MjI%3D,text_message,1530.657,25:30,1618730278515812
add_chat_item,,,UClZ8byfHaJnI3zq7mTERP-g,source,https://yt4.ggpht.com/ytc/AAUvwnjDPQ0tAHKdnhozbUOtWlbE-6alOiVT7VCxOw,32,32x32,https://yt4.ggpht.com/ytc/AAUvwnjDPQ0tAHKdnhozbUOtWlbE-6alOiVT7VCxOw=s32-c-k-c0x00ffffff-no-rj,32,64,64x64,https://yt4.ggpht.com/ytc/AAUvwnjDPQ0tAHKdnhozbUOtWlbE-6alOiVT7VCxOw=s64-c-k-c0x00ffffff-no-rj,64,Nh∆∞ Qu·ª≥nh,,,,,,,,,,,,,,,,,,,,,,,,,,,,,,,thoi buoi ran bat nat ng√≥e,CkUKGkNQYjR2cU9naF9BQ0ZTNFJyUVlkSHJjSmhREidDTDNVME9tZGhfQUNGUS05V0FvZEdmSUUydzE2MTg3MzAzMTI1NzU%3D,text_message,1551.155,25:51,1618730298621103
add_chat_item,,,UC7ZegQ6aOubSvxbbbB4hwCQ,source,https://yt4.ggpht.com/ytc/AAUvwnjHRU7K7zgZfPHeVV_3sWvOXDLxQGe0Dj_GhQ,32,32x32,https://yt4.ggpht.com/ytc/AAUvwnjHRU7K7zgZfPHeVV_3sWvOXDLxQGe0Dj_GhQ=s32-c-k-c0x00ffffff-no-rj,32,64,64x64,https://yt4.ggpht.com/ytc/AAUvwnjHRU7K7zgZfPHeVV_3sWvOXDLxQGe0Dj_GhQ=s64-c-k-c0x00ffffff-no-rj,64,Oanh Kim,,,,,,,,,,,,,,,,,,,,,,,,,,,,,,,Chao bac cung ace chtv.,CkUKGkNQckp2cXJTX084Q0ZiTWFyUVlkTlpnRDF3EidDUHpiN3B2U19POENGUTlIaFFvZEpwc0hNQTE2MTgzNjU3NzY5NTk%3D,text_message,51.186,0:51,1618365777945900
add_chat_item,,,UC135PTlOaLbvnxjgqcGtAsQ,source,https://yt4.ggpht.com/ytc/AAUvwnjzMDmt6-q3kSIpn1v7V-kNNHdWZqQSboavMQ,32,32x32,https://yt4.ggpht.com/ytc/AAUvwnjzMDmt6-q3kSIpn1v7V-kNNHdWZqQSboavMQ=s32-c-k-c0x00ffffff-no-rj,32,64,64x64,https://yt4.ggpht.com/ytc/AAUvwnjzMDmt6-q3kSIpn1v7V-kNNHdWZqQSboavMQ=s64-c-k-c0x00ffffff-no-rj,64,T√¢m Nguy·ªÖn,,,,,,,,,,,,,,,,,,,,,,,,,,,,,,,d·∫°o n√†y anh √≠t l√™n s√≥ng qu√°,CkUKGkNLakhrTlBTX084Q0ZaZ0xyUVlkM19jSlRREidDT0tjaUtQU19POENGUVpqWUFvZGJaZ0I5ZzE2MTgzNjU4NTgzMjc%3D,text_message,136.564,2:16,1618365863175143
add_chat_item,,,UCKSpLmFSR9WERqnxlG8sxpA,source,https://yt4.ggpht.com/ytc/AAUvwngw1XNTqcGVxCJGGqsbvu87Cw2WVI2hhS0r6UVM,32,32x32,https://yt4.ggpht.com/ytc/AAUvwngw1XNTqcGVxCJGGqsbvu87Cw2WVI2hhS0r6UVM=s32-c-k-c0x00ffffff-no-rj,32,64,64x64,https://yt4.ggpht.com/ytc/AAUvwngw1XNTqcGVxCJGGqsbvu87Cw2WVI2hhS0r6UVM=s64-c-k-c0x00ffffff-no-rj,64,tsurumi kenji,,,,,,,,,,,,,,,,,,,,,,,,,,,,,,,vova tuong bi nhap kho roi,CkUKGkNJcUx5dDdTX084Q0Zmb0RyUVlkN01JQUNBEidDS3lOZ2N2U19POENGVWJKV0FvZGRHZ0dJUTE2MTgzNjU4ODY5NDU%3D,text_message,160.327,2:40,1618365887186377
add_chat_item,,,UCNrhmdXjHmKFowsTsqQoitA,source,https://yt4.ggpht.com/ytc/AAUvwnjCuUJ7nj7ncrFQA_nUwqDeuY1-x0b8SxmhFQ,32,32x32,https://yt4.ggpht.com/ytc/AAUvwnjCuUJ7nj7ncrFQA_nUwqDeuY1-x0b8SxmhFQ=s32-c-k-c0x00ffffff-no-rj,32,64,64x64,https://yt4.ggpht.com/ytc/AAUvwnjCuUJ7nj7ncrFQA_nUwqDeuY1-x0b8SxmhFQ=s64-c-k-c0x00ffffff-no-rj,64,T√∫ Nguy·ªÖn,,,,,,,,,,,,,,,,,,,,,,,,,,,,,,,ch√†o anh vo va,CkUKGkNNZm8ydmpTX084Q0ZXNGxyUVlkODZrQzNREidDSzJOb2JuU19POENGVlZSaFFvZGNlQUNIZzE2MTgzNjU5NDEzOTU%3D,text_message,215.441,3:35,1618365941986426
add_chat_item,,,UCMoBvkW2_QRCEVLS_C5k0XA,source,https://yt4.ggpht.com/ytc/AAUvwniSxZPHYrArDssXl-tPBs3fjMZvFdbDKIH6S7xeQUI,32,32x32,https://yt4.ggpht.com/ytc/AAUvwniSxZPHYrArDssXl-tPBs3fjMZvFdbDKIH6S7xeQUI=s32-c-k-c0x00ffffff-no-rj,32,64,64x64,https://yt4.ggpht.com/ytc/AAUvwniSxZPHYrArDssXl-tPBs3fjMZvFdbDKIH6S7xeQUI=s64-c-k-c0x00ffffff-no-rj,64,TTXVH Vova,,,,,,,,,,,,,,,,,,,,,,,,,,,,,,,5 ƒë·∫°i √°n x·ª≠ quanh nƒÉm ch∆∞a xong,CjoKGkNLT1Y4SUxUX084Q0ZSTU5yUVlkVVRFQzJBEhxDS25HeF9uU19POENGVkxSV0FvZHBJZ0NLQS0w,text_message,236.347,3:56,1618365963307739
add_chat_item,,,UC7ZegQ6aOubSvxbbbB4hwCQ,source,https://yt4.ggpht.com/ytc/AAUvwnjHRU7K7zgZfPHeVV_3sWvOXDLxQGe0Dj_GhQ,32,32x32,https://yt4.ggpht.com/ytc/AAUvwnjHRU7K7zgZfPHeVV_3sWvOXDLxQGe0Dj_GhQ=s32-c-k-c0x00ffffff-no-rj,32,64,64x64,https://yt4.ggpht.com/ytc/AAUvwnjHRU7K7zgZfPHeVV_3sWvOXDLxQGe0Dj_GhQ=s64-c-k-c0x00ffffff-no-rj,64,Oanh Kim,,,,,,,,,,,,,,,,,,,,,,,,,,,,,,,"Du an deo gi,toan mot lu an tan pha mat.",CkUKGkNKbXJtSnZUX084Q0ZlQU5yUVlkRHo0SlV3EidDUHpiN3B2U19POENGUTlIaFFvZEpwc0hNQTE2MTgzNjYwMTMzMjY%3D,text_message,287.422,4:47,1618366014297548
add_chat_item,,,UC-EckFUDgqTfSipd14zhtfw,source,https://yt4.ggpht.com/ytc/AAUvwnjEcnk4-9SzUxtZ4cFSZe3A1a3N_KqllcXcN5Coeg,32,32x32,https://yt4.ggpht.com/ytc/AAUvwnjEcnk4-9SzUxtZ4cFSZe3A1a3N_KqllcXcN5Coeg=s32-c-k-c0x00ffffff-no-rj,32,64,64x64,https://yt4.ggpht.com/ytc/AAUvwnjEcnk4-9SzUxtZ4cFSZe3A1a3N_KqllcXcN5Coeg=s64-c-k-c0x00ffffff-no-rj,64,QUY PHAM VAN,,,,,,,,,,,,,,,,,,,,,,,,,,,,,,,Ch√†o anh D≈©ng vova v√† ace ,CjoKGkNKWGJtY0RUX084Q0ZSTU5yUVlkVVRFQzJBEhxDTkt1a2JYVF9POENGWko4aXdvZGZmZ0Q5Zy0w,text_message,365.33,6:05,1618366091914686
add_chat_item,,,UCMoBvkW2_QRCEVLS_C5k0XA,source,https://yt4.ggpht.com/ytc/AAUvwniSxZPHYrArDssXl-tPBs3fjMZvFdbDKIH6S7xeQUI,32,32x32,https://yt4.ggpht.com/ytc/AAUvwniSxZPHYrArDssXl-tPBs3fjMZvFdbDKIH6S7xeQUI=s32-c-k-c0x00ffffff-no-rj,32,64,64x64,https://yt4.ggpht.com/ytc/AAUvwniSxZPHYrArDssXl-tPBs3fjMZvFdbDKIH6S7xeQUI=s64-c-k-c0x00ffffff-no-rj,64,TTXVH Vova,,,,,,,,,,,,,,,,,,,,,,,,,,,,,,,H√†ng ch·ª•c ƒë·∫°i √°n ng√†n t·ª∑ ch·ªâ ri√™ng li√™n b·ªô c√¥ng th∆∞∆°ng s·∫Ω x·ª≠ v√†i nƒÉm kh√¥ng h·∫øt ,CjoKGkNQV3JwOHJUX084Q0Zka1FyUVlkOVB3QThnEhxDS25HeF9uU19POENGVkxSV0FvZHBJZ0NLQS0x,text_message,386.124,6:26,1618366113109545
add_chat_item,,,UCNrhmdXjHmKFowsTsqQoitA,source,https://yt4.ggpht.com/ytc/AAUvwnjCuUJ7nj7ncrFQA_nUwqDeuY1-x0b8SxmhFQ,32,32x32,https://yt4.ggpht.com/ytc/AAUvwnjCuUJ7nj7ncrFQA_nUwqDeuY1-x0b8SxmhFQ=s32-c-k-c0x00ffffff-no-rj,32,64,64x64,https://yt4.ggpht.com/ytc/AAUvwnjCuUJ7nj7ncrFQA_nUwqDeuY1-x0b8SxmhFQ=s64-c-k-c0x00ffffff-no-rj,64,T√∫ Nguy·ªÖn,,,,,,,,,,,,,,,,,,,,,,,,,,,,,,,b·ªçn CS vc. ch·ªâ bi·∫øt ƒÉn. & ph√° th√¥i. ti·ªÅn thu·∫ø c·ªßa d√¢n ƒë√¢u.,CkUKGkNJZUJ1WlBVX084Q0ZXNGxyUVlkODZrQzNREidDSzJOb2JuU19POENGVlZSaFFvZGNlQUNIZzE2MTgzNjYyNjU5MjQ%3D,text_message,539.69,8:59,1618366266491059
add_chat_item,,,UCMoBvkW2_QRCEVLS_C5k0XA,source,https://yt4.ggpht.com/ytc/AAUvwniSxZPHYrArDssXl-tPBs3fjMZvFdbDKIH6S7xeQUI,32,32x32,https://yt4.ggpht.com/ytc/AAUvwniSxZPHYrArDssXl-tPBs3fjMZvFdbDKIH6S7xeQUI=s32-c-k-c0x00ffffff-no-rj,32,64,64x64,https://yt4.ggpht.com/ytc/AAUvwniSxZPHYrArDssXl-tPBs3fjMZvFdbDKIH6S7xeQUI=s64-c-k-c0x00ffffff-no-rj,64,TTXVH Vova,,,,,,,,,,,,,,,,,,,,,,,,,,,,,,,ƒê·∫°i √°n Nh·∫≠t C∆∞·ªùng v√† thu·ªëc ung th∆∞ gi·∫£ s·∫Ω ti·∫øp theo,CjoKGkNMVDhnc1BVX084Q0ZUVVhmUW9kTThRQ0JREhxDTTNBLW96VV9POENGZEYwaXdvZDFWVUZhZy0w,text_message,639.795,10:39,1618366366269022
add_chat_item,,,UCCMJzHmxGlpCZ1rdzizyh8Q,source,https://yt4.ggpht.com/ytc/AAUvwniMbxjjytlWKVNMcz8ofNpcSbt-NeEZbr_aAg,32,32x32,https://yt4.ggpht.com/ytc/AAUvwniMbxjjytlWKVNMcz8ofNpcSbt-NeEZbr_aAg=s32-c-k-c0x00ffffff-no-rj,32,64,64x64,https://yt4.ggpht.com/ytc/AAUvwniMbxjjytlWKVNMcz8ofNpcSbt-NeEZbr_aAg=s64-c-k-c0x00ffffff-no-rj,64,B√†i Nguy·ªÖn,,,,,,,,,,,,,,,,,,,,,,,,,,,,,,,V√¥va l·∫°i b·∫Øt ƒë·∫ßu g√°y.,CjoKGkNKVFlrb25WX084Q0Zmb0RyUVlkN01JQUNBEhxDT0hvelBiVV9POENGUVhVV0FvZG9lZ0d4QS0w,text_message,786.708,13:06,1618366513327174
add_chat_item,,,UClZ8byfHaJnI3zq7mTERP-g,source,https://yt4.ggpht.com/ytc/AAUvwnjDPQ0tAHKdnhozbUOtWlbE-6alOiVT7VCxOw,32,32x32,https://yt4.ggpht.com/ytc/AAUvwnjDPQ0tAHKdnhozbUOtWlbE-6alOiVT7VCxOw=s32-c-k-c0x00ffffff-no-rj,32,64,64x64,https://yt4.ggpht.com/ytc/AAUvwnjDPQ0tAHKdnhozbUOtWlbE-6alOiVT7VCxOw=s64-c-k-c0x00ffffff-no-rj,64,Nh∆∞ Qu·ª≥nh,,,,,,,,,,,,,,,,,,,,,,,,,,,,,,,chao ban nha bao via he vo va csk b·∫°n,CkUKGkNJNnVsNDdWX084Q0Zmb0RyUVlkN01JQUNBEidDT0RCcVBQVV9POENGYnhEOVFVZGhlRVBzdzE2MTgzNjY1Mzc4Mzg%3D,text_message,797.217,13:17,1618366523889494
add_chat_item,,,UC7ZegQ6aOubSvxbbbB4hwCQ,source,https://yt4.ggpht.com/ytc/AAUvwnjHRU7K7zgZfPHeVV_3sWvOXDLxQGe0Dj_GhQ,32,32x32,https://yt4.ggpht.com/ytc/AAUvwnjHRU7K7zgZfPHeVV_3sWvOXDLxQGe0Dj_GhQ=s32-c-k-c0x00ffffff-no-rj,32,64,64x64,https://yt4.ggpht.com/ytc/AAUvwnjHRU7K7zgZfPHeVV_3sWvOXDLxQGe0Dj_GhQ=s64-c-k-c0x00ffffff-no-rj,64,Oanh Kim,,,,,,,,,,,,,,,,,,,,,,,,,,,,,,,"Dai an hay tieu an gi khong can biet, cai can biet ,la thang nao thu lai so tien thue da mat.",CkUKGkNKdV9tZXpWX084Q0ZlQU5yUVlkRHo0SlV3EidDUHpiN3B2U19POENGUTlIaFFvZEpwc0hNQTE2MTgzNjY3MjAxMDc%3D,text_message,994.226,16:34,1618366721056733
add_chat_item,,,UCEstaaeTQk8pRlz5Pocw87w,source,https://yt4.ggpht.com/ytc/AAUvwngnGFiVDQSZo8oUB5VQ_OJ7tx4kkapcjs1Ywg,32,32x32,https://yt4.ggpht.com/ytc/AAUvwngnGFiVDQSZo8oUB5VQ_OJ7tx4kkapcjs1Ywg=s32-c-k-c0x00ffffff-no-rj,32,64,64x64,https://yt4.ggpht.com/ytc/AAUvwngnGFiVDQSZo8oUB5VQ_OJ7tx4kkapcjs1Ywg=s64-c-k-c0x00ffffff-no-rj,64,Th·∫ø anh hd Th·∫ø anh hd,,,,,,,,,,,,,,,,,,,,,,,,,,,,,,,L·∫°i th·∫•y anh live. m·ª´ng qu√°!,CkUKGkNPbTh6WTNXX084Q0Zac3ZyUVlkWlk0T1V3EidDT0xCcnZqVl9POENGY2xCOVFVZDZEb0xxdzE2MTgzNjY3ODk2Nzc%3D,text_message,1064.523,17:44,1618366791114394
add_chat_item,,,UCc-KqFnHjx4RTf3lml2APuw,source,https://yt4.ggpht.com/ytc/AAUvwnjteZNxPHnTWJy_cTtKYzpPcii4xjVcs-WP9-JW3w,32,32x32,https://yt4.ggpht.com/ytc/AAUvwnjteZNxPHnTWJy_cTtKYzpPcii4xjVcs-WP9-JW3w=s32-c-k-c0x00ffffff-no-rj,32,64,64x64,https://yt4.ggpht.com/ytc/AAUvwnjteZNxPHnTWJy_cTtKYzpPcii4xjVcs-WP9-JW3w=s64-c-k-c0x00ffffff-no-rj,64,Ph∆∞∆°ng channel Hoa,,,,,,,,,,,,,,,,,,,,,,,,,,,,,,,ch√†o anh l≈© ph·∫£n ƒë·ªông,CkUKGkNMdmJ0YXJXX084Q0ZaZ0xyUVlkM19jSlRREidDS1hHZ2FIV19POENGVmhEaFFvZDVaUUpWZzE2MTgzNjY4NTE0NTk%3D,text_message,1124.894,18:44,1618366851542510
add_chat_item,,,UCMoBvkW2_QRCEVLS_C5k0XA,source,https://yt4.ggpht.com/ytc/AAUvwniSxZPHYrArDssXl-tPBs3fjMZvFdbDKIH6S7xeQUI,32,32x32,https://yt4.ggpht.com/ytc/AAUvwniSxZPHYrArDssXl-tPBs3fjMZvFdbDKIH6S7xeQUI=s32-c-k-c0x00ffffff-no-rj,32,64,64x64,https://yt4.ggpht.com/ytc/AAUvwniSxZPHYrArDssXl-tPBs3fjMZvFdbDKIH6S7xeQUI=s64-c-k-c0x00ffffff-no-rj,64,TTXVH Vova,,,,,,,,,,,,,,,,,,,,,,,,,,,,,,,Ph·∫£n ƒë·ªông kh√¥ng tham nh≈©ng ph√° ho·∫°i nh∆∞ m·∫•y th·∫±ng c·∫©u quan nh·ªâ ,CjoKGkNQVFEyYnpXX084Q0ZaZ0xyUVlkM19jSlRREhxDS3YybFpiV19POENGY2RLWUFvZDhFMEZ2US0w,text_message,1163.171,19:23,1618366889879728
add_chat_item,,,UCkDTwY9yghRCWWPT-tRyWBA,source,https://yt4.ggpht.com/ytc/AAUvwngmkbeyKYXxlhTij1wH0vdmOIH3k-0FYGtncA,32,32x32,https://yt4.ggpht.com/ytc/AAUvwngmkbeyKYXxlhTij1wH0vdmOIH3k-0FYGtncA=s32-c-k-c0x00ffffff-no-rj,32,64,64x64,https://yt4.ggpht.com/ytc/AAUvwngmkbeyKYXxlhTij1wH0vdmOIH3k-0FYGtncA=s64-c-k-c0x00ffffff-no-rj,64,B√¥n Nguy·ªÖn,,,,,,,,,,,,,,,,,,,,,,,,,,,,,,,Ch√∫c SK Anh V√î VA v√† Gƒê,CkUKGkNPR2kxYzdXX084Q0Zmb0RyUVlkN01JQUNBEidDTmFDODhiV19POENGUThHWUFvZFFWSUdDQTE2MTgzNjY5MjYzNDY%3D,text_message,1200.87,20:00,1618366927557003
add_chat_item,,,UCQZGId4zmGjzieujgs2aI6g,source,https://yt4.ggpht.com/ytc/AAUvwngKiqEL58FvfEUWS3DckAHZ-k7PGXp6T0MQ6Q,32,32x32,https://yt4.ggpht.com/ytc/AAUvwngKiqEL58FvfEUWS3DckAHZ-k7PGXp6T0MQ6Q=s32-c-k-c0x00ffffff-no-rj,32,64,64x64,https://yt4.ggpht.com/ytc/AAUvwngKiqEL58FvfEUWS3DckAHZ-k7PGXp6T0MQ6Q=s64-c-k-c0x00ffffff-no-rj,64,Huyen Ngoba,,,,,,,,,,,,,,,,,,,,,,,,,,,,,,,ch√†o anh D≈©ng v√† ban bi√™n t·∫≠p nhi·ªÅu s·ª©c kh·ªèe,CkUKGkNPblMtdTdXX084Q0ZUVVhmUW9kTThRQ0JREidDSzNLMV9uVV9POENGVTQyV0FvZGlTME50QTE2MTgzNjY5OTQ2MDM%3D,text_message,1268.498,21:08,1618366995278244
add_chat_item,,,UC50aYWcA00GtxVOCZTyLC-g,source,https://yt4.ggpht.com/ytc/AAUvwni8VZPPSGGA-ChqrL71pu6KLwpa4YVr340V7A,32,32x32,https://yt4.ggpht.com/ytc/AAUvwni8VZPPSGGA-ChqrL71pu6KLwpa4YVr340V7A=s32-c-k-c0x00ffffff-no-rj,32,64,64x64,https://yt4.ggpht.com/ytc/AAUvwni8VZPPSGGA-ChqrL71pu6KLwpa4YVr340V7A=s64-c-k-c0x00ffffff-no-rj,64,Vi·ªát Ho√†ng,,,,,,,,,,,,,,,,,,,,,,,,,,,,,,,"ƒë∆∞·ªùng t√¢y 50 nƒÉm ch∆∞a h·ªèng, ƒë∆∞·ªùng ta 5 nƒÉm b√©t nh√®.",CkUKGkNMdmN6b2JYX084Q0Zac3ZyUVlkWlk0T1V3EidDS3VJX3ZmV19POENGUVZYV0FvZEk0RUs0QTE2MTgzNjcwNDQwNzI%3D,text_message,1318.288,21:58,1618367044890220
add_chat_item,,,UCvFW-pLOZKzrB36OEgrpZLA,source,https://yt4.ggpht.com/ytc/AAUvwniQ0kWu3Pafogh6SVPX2JmhjWAQYiEdI0ycrw,32,32x32,https://yt4.ggpht.com/ytc/AAUvwniQ0kWu3Pafogh6SVPX2JmhjWAQYiEdI0ycrw=s32-c-k-c0x00ffffff-no-rj,32,64,64x64,https://yt4.ggpht.com/ytc/AAUvwniQ0kWu3Pafogh6SVPX2JmhjWAQYiEdI0ycrw=s64-c-k-c0x00ffffff-no-rj,64,Oanh Hoanghu∆° uggbbb.,,,,,,,,,,,,,,,,,,,,,,,,,,,,,,,"dai hoi den ngoi im , xong van thanh vong tot dep",CkUKGkNJN0ptN1RYX084Q0Zka1FyUVlkOVB3QThnEidDTUttME9yV19POENGUThHWUFvZFFWSUdDQTE2MTgzNjcxNDAyNjg%3D,text_message,1413.326,23:33,1618367140521168
add_chat_item,,,UC50aYWcA00GtxVOCZTyLC-g,source,https://yt4.ggpht.com/ytc/AAUvwni8VZPPSGGA-ChqrL71pu6KLwpa4YVr340V7A,32,32x32,https://yt4.ggpht.com/ytc/AAUvwni8VZPPSGGA-ChqrL71pu6KLwpa4YVr340V7A=s32-c-k-c0x00ffffff-no-rj,32,64,64x64,https://yt4.ggpht.com/ytc/AAUvwni8VZPPSGGA-ChqrL71pu6KLwpa4YVr340V7A=s64-c-k-c0x00ffffff-no-rj,64,Vi·ªát Ho√†ng,,,,,,,,,,,,,,,,,,,,,,,,,,,,,,,qua tc m√† ch·∫°y cao t·ªëc c·ªßa h·ªç. sao h·ªç l√†m t·ªët th·∫ø m√† qua ziecnom l√†m nh∆∞ lu·ªìn,CkUKGkNQMzl6Y2JYX084Q0ZiTWFyUVlkTlpnRDF3EidDS3VJX3ZmV19POENGUVZYV0FvZEk0RUs0QTE2MTgzNjcxNzgyODA%3D,text_message,1452.227,24:12,1618367179095840
add_chat_item,,,UCJq_IwNcJOVwsMYMgDrWDFQ,source,https://yt4.ggpht.com/ytc/AAUvwniMWanX9Ba3HiOoU04o34KvKwZdeICPHCwYoQ,32,32x32,https://yt4.ggpht.com/ytc/AAUvwniMWanX9Ba3HiOoU04o34KvKwZdeICPHCwYoQ=s32-c-k-c0x00ffffff-no-rj,32,64,64x64,https://yt4.ggpht.com/ytc/AAUvwniMWanX9Ba3HiOoU04o34KvKwZdeICPHCwYoQ=s64-c-k-c0x00ffffff-no-rj,64,Ngocyen Ho,,,,,,,,,,,,,,,,,,,,,,,,,,,,,,,Ch√†o Vova Th·ªùi B√°o CHTV üëç‚ù§,CkUKGkNPZTZqNV9ZX084Q0Zac3ZyUVlkWlk0T1V3EidDUEdOOUlyWV9POENGWVlLV0FvZGphNER4QTE2MTgzNjczNjMyODk%3D,text_message,1638.104,27:18,1618367364717974
add_chat_item,,,UClZ8byfHaJnI3zq7mTERP-g,source,https://yt4.ggpht.com/ytc/AAUvwnjDPQ0tAHKdnhozbUOtWlbE-6alOiVT7VCxOw,32,32x32,https://yt4.ggpht.com/ytc/AAUvwnjDPQ0tAHKdnhozbUOtWlbE-6alOiVT7VCxOw=s32-c-k-c0x00ffffff-no-rj,32,64,64x64,https://yt4.ggpht.com/ytc/AAUvwnjDPQ0tAHKdnhozbUOtWlbE-6alOiVT7VCxOw=s64-c-k-c0x00ffffff-no-rj,64,Nh∆∞ Qu·ª≥nh,,,,,,,,,,,,,,,,,,,,,,,,,,,,,,,rieng vu thuoc phac ma nhan Dan yeu cau phai tu hinh ke pham toi,CkUKGkNLN2RsS3ZZX084Q0Zmb0RyUVlkN01JQUNBEidDT0RCcVBQVV9POENGYnhEOVFVZGhlRVBzdzE2MTgzNjc0MDM5MTE%3D,text_message,1663.422,27:43,1618367389970140
add_chat_item,,,UC50aYWcA00GtxVOCZTyLC-g,source,https://yt4.ggpht.com/ytc/AAUvwni8VZPPSGGA-ChqrL71pu6KLwpa4YVr340V7A,32,32x32,https://yt4.ggpht.com/ytc/AAUvwni8VZPPSGGA-ChqrL71pu6KLwpa4YVr340V7A=s32-c-k-c0x00ffffff-no-rj,32,64,64x64,https://yt4.ggpht.com/ytc/AAUvwni8VZPPSGGA-ChqrL71pu6KLwpa4YVr340V7A=s64-c-k-c0x00ffffff-no-rj,64,Vi·ªát Ho√†ng,,,,,,,,,,,,,,,,,,,,,,,,,,,,,,,"c·ª•c d∆∞·ª£c b√©o m√∫p , th·ªãt gi·ªù n√†y c√≤n h∆°i ch·∫≠m.",CkUKGkNPTE04c3ZZX084Q0ZaZ0xyUVlkM19jSlRREidDS3VJX3ZmV19POENGUVZYV0FvZEk0RUs0QTE2MTgzNjc0NTc4MDA%3D,text_message,1731.576,28:51,1618367458616967
add_chat_item,,,UCRjCeqd7MvE8bzUicfDOJbg,source,https://yt4.ggpht.com/ytc/AAUvwnhxy3E13NV8wMpWV7-UiqeXDalEi4pqQPy_6L2PgQ,32,32x32,https://yt4.ggpht.com/ytc/AAUvwnhxy3E13NV8wMpWV7-UiqeXDalEi4pqQPy_6L2PgQ=s32-c-k-c0x00ffffff-no-rj,32,64,64x64,https://yt4.ggpht.com/ytc/AAUvwnhxy3E13NV8wMpWV7-UiqeXDalEi4pqQPy_6L2PgQ=s64-c-k-c0x00ffffff-no-rj,64,Thu·ª∑ Tr·∫ßn,,,,,,,,,,,,,,,,,,,,,,,,,,,,,,,Ch√†o anh Vova,CkUKGkNNcUVpSVBaX084Q0ZaZ0xyUVlkM19jSlRREidDTTJhNk9fWV9POENGUlJGWUFvZFJfa1BiZzE2MTgzNjc1NzM4ODk%3D,text_message,1847.588,30:47,1618367574311536
add_chat_item,,,UC04ReD62L4QvzwngZiZYpdA,source,https://yt4.ggpht.com/ytc/AAUvwniRNDzBLjFxu49uEftptT9VoVg2phfXpaJtcQ,32,32x32,https://yt4.ggpht.com/ytc/AAUvwniRNDzBLjFxu49uEftptT9VoVg2phfXpaJtcQ=s32-c-k-c0x00ffffff-no-rj,32,64,64x64,https://yt4.ggpht.com/ytc/AAUvwniRNDzBLjFxu49uEftptT9VoVg2phfXpaJtcQ=s64-c-k-c0x00ffffff-no-rj,64,Ph∆∞∆°ng Nguy·ªÖn,,,,,,,,,,,,,,,,,,,,,,,,,,,,,,,ch√†o anh vova,CkUKGkNLVHh3OGZaX084Q0Zac3ZyUVlkWlk0T1V3EidDTWFzMzdqWl9POENGWUlGV0FvZFNXSURIUTE2MTgzNjc3MTY5ODk%3D,text_message,1991.105,33:11,1618367717898449
add_chat_item,,,UCUQXTIpnSAjDweuzcsqVEFQ,source,https://yt4.ggpht.com/ytc/AAUvwnjoIMixOWMAhaAU38USvJydugKwd3lUVPbQRDhXoA,32,32x32,https://yt4.ggpht.com/ytc/AAUvwnjoIMixOWMAhaAU38USvJydugKwd3lUVPbQRDhXoA=s32-c-k-c0x00ffffff-no-rj,32,64,64x64,https://yt4.ggpht.com/ytc/AAUvwnjoIMixOWMAhaAU38USvJydugKwd3lUVPbQRDhXoA=s64-c-k-c0x00ffffff-no-rj,64,Gi√≥ B·ª•i Phong Tr·∫ßn,,,,,,,,,,,,,,,,,,,,,,,,,,,,,,,"ch√†o Anh dung loova ch√∫c anh m·∫°nh kh·ªèe ,,,,,,,,üíØüíØüíØüíØüíØüíØüíØüíØüíØüíØüíØüíØüíØüíØüíØüíØüíØüíØüíØüíØüíØüíØüíØüíØ",CkUKGkNMVzIxczdaX084Q0ZSTU5yUVlkVVRFQzJBEidDS3pBcjZIWl9POENGZGFBd2dvZHBsWUthZzE2MTgzNjc3MzIyNTM%3D,text_message,2006.333,33:26,1618367732882339
add_chat_item,,,UCZ7n_m682AKBaDFvBWmhrWg,source,https://yt4.ggpht.com/ytc/AAUvwng-WxWgKuuamrC_75ByekiLTsE-8ltSdodtVO0R,32,32x32,https://yt4.ggpht.com/ytc/AAUvwng-WxWgKuuamrC_75ByekiLTsE-8ltSdodtVO0R=s32-c-k-c0x00ffffff-no-rj,32,64,64x64,https://yt4.ggpht.com/ytc/AAUvwng-WxWgKuuamrC_75ByekiLTsE-8ltSdodtVO0R=s64-c-k-c0x00ffffff-no-rj,64,Th·∫Øng L√™,,,,,,,,,,,,,,,,,,,,,,,,,,,,,,,ch√†o.emvovacsk ch√†o qu√Ω b·∫°n 3 v nh∆∞ qu·ª≥nh csk v√† moi s·ª± an l√†nh ƒë·∫øn v·ªõi b·∫°n b·∫°n h√£y. v·ªÅ g·∫•p ngh·ªá An v·ªÅ v·ª• cha H∆∞ng nh√©,CkUKGkNMSFB0djNaX084Q0ZiTWFyUVlkTlpnRDF3EidDSmVzaEl6Wl9POENGWlhCVEFJZDI5MEVnUTE2MTgzNjc4MjgzMDM%3D,text_message,2104.309,35:04,1618367830927327
add_chat_item,,,UCWQTcW1qcJvF8WIEfBWwM4Q,source,https://yt4.ggpht.com/ytc/AAUvwng_etV2kt9zNPF1mVU2YEmmsX28NW3aec7mKg,32,32x32,https://yt4.ggpht.com/ytc/AAUvwng_etV2kt9zNPF1mVU2YEmmsX28NW3aec7mKg=s32-c-k-c0x00ffffff-no-rj,32,64,64x64,https://yt4.ggpht.com/ytc/AAUvwng_etV2kt9zNPF1mVU2YEmmsX28NW3aec7mKg=s64-c-k-c0x00ffffff-no-rj,64,Viet Nam,UCkszU2WH9gy1mb0dV-11UJg/Fv90Xq-vJcPq8gTqzreQAQ,source,https://yt3.ggpht.com/gt39CIfizoIAce9a8IzjfrADV5CjTbSyFKUlLMXzYILxJRjwAgYQQJ9PXXxnRvrnTec7ZpfHN4k,24,24x24,https://yt3.ggpht.com/gt39CIfizoIAce9a8IzjfrADV5CjTbSyFKUlLMXzYILxJRjwAgYQQJ9PXXxnRvrnTec7ZpfHN4k=w24-h24-c-k-nd,24,48,48x48,https://yt3.ggpht.com/gt39CIfizoIAce9a8IzjfrADV5CjTbSyFKUlLMXzYILxJRjwAgYQQJ9PXXxnRvrnTec7ZpfHN4k=w48-h48-c-k-nd,48,True,:elbowbump:,elbowbump,:elbowbump:,UCkszU2WH9gy1mb0dV-11UJg/hf90Xv-jHeOR8gSxxrToBA,source,https://yt3.ggpht.com/WxLUGtJzyLd4dcGaWnmcQnw9lTu9BW3_pEuCp6kcM2pxF5p5J28PvcYIXWh6uCm78LxGJVGn9g,24,24x24,https://yt3.ggpht.com/WxLUGtJzyLd4dcGaWnmcQnw9lTu9BW3_pEuCp6kcM2pxF5p5J28PvcYIXWh6uCm78LxGJVGn9g=w24-h24-c-k-nd,24,48,48x48,https://yt3.ggpht.com/WxLUGtJzyLd4dcGaWnmcQnw9lTu9BW3_pEuCp6kcM2pxF5p5J28PvcYIXWh6uCm78LxGJVGn9g=w48-h48-c-k-nd,48,True,:yougotthis:,yougotthis,:yougotthis:,:elbowbump::elbowbump::elbowbump::elbowbump::elbowbump::elbowbump::yougotthis::yougotthis::yougotthis::yougotthis::yougotthis:,CjoKGkNQaXcwSjdUX084Q0ZSTU5yUVlkVVRFQzJBEhxDTHZJaTVYVF9POENGWHBDblFrZE52SUlTdy0w,text_message,251.21,4:11,1618366021507244
add_chat_item,,,UCVfikGSqxm9agYsnebwJfgg,source,https://yt4.ggpht.com/ytc/AAUvwngPClc0RC4gNaQjetakQK0yfpoWwplS0ivymVON,32,32x32,https://yt4.ggpht.com/ytc/AAUvwngPClc0RC4gNaQjetakQK0yfpoWwplS0ivymVON=s32-c-k-c0x00ffffff-no-rj,32,64,64x64,https://yt4.ggpht.com/ytc/AAUvwngPClc0RC4gNaQjetakQK0yfpoWwplS0ivymVON=s64-c-k-c0x00ffffff-no-rj,64,Tr√¢n tr√¢n,,,,,,,,,,,,,,,,,,,,,,,,,,,,,,,Hello anh Vova ,CjoKGkNJR0p2dERUX084Q0Zmb0RyUVlkN01JQUNBEhxDS0M4ck1uVF9POENGU2Y1T0FZZFM4d0dEdy0w,text_message,354.547,5:54,1618366126064808
add_chat_item,,,UCxFfLC5Jjv-YCX-8cB6NMpQ,source,https://yt4.ggpht.com/ytc/AAUvwniM8GhXSseonojfr9NmumXNNlRDPsYckOzEeQ,32,32x32,https://yt4.ggpht.com/ytc/AAUvwniM8GhXSseonojfr9NmumXNNlRDPsYckOzEeQ=s32-c-k-c0x00ffffff-no-rj,32,64,64x64,https://yt4.ggpht.com/ytc/AAUvwniM8GhXSseonojfr9NmumXNNlRDPsYckOzEeQ=s64-c-k-c0x00ffffff-no-rj,64,B√¥ng C·ªôt k·∫πo pro14,,,,,,,,,,,,,,,,,,,,,,,,,,,,,,,M·ª´ng qu√°,CjoKGkNOcnR5SWZWX084Q0ZiTWFyUVlkTlpnRDF3EhxDSmY1OUpmVF9POENGZFZSaFFvZExUUUhldy0w,text_message,738.727,12:18,1618366510020357
add_chat_item,,,UCJ4R5YqXTTLcQCZRNzpasbg,source,https://yt4.ggpht.com/ytc/AAUvwnjXUg0jjdMlhXNrhm_BjOynZrJIe_JEr8jDkA,32,32x32,https://yt4.ggpht.com/ytc/AAUvwnjXUg0jjdMlhXNrhm_BjOynZrJIe_JEr8jDkA=s32-c-k-c0x00ffffff-no-rj,32,64,64x64,https://yt4.ggpht.com/ytc/AAUvwnjXUg0jjdMlhXNrhm_BjOynZrJIe_JEr8jDkA=s64-c-k-c0x00ffffff-no-rj,64,Kh√°nhNam B√πi,,,,,,,,,,,,,,,,,,,,,,,,,,,,,,,Xin ch√†o Vo Va ,CjoKGkNQYTkxUG5YX084Q0ZSTU5yUVlkVVRFQzJBEhxDSnlidXVYWF9POENGUVoyV0FvZDB1MEYxdy0w,text_message,1514.576,25:14,1618367286157095
add_chat_item,,,UC2VcETszjNY1L4Dq2AjSQ8A,source,https://yt4.ggpht.com/ytc/AAUvwnh9EBPruJRmNDFrdXscGyOhvXTmaBCi4geDFQ,32,32x32,https://yt4.ggpht.com/ytc/AAUvwnh9EBPruJRmNDFrdXscGyOhvXTmaBCi4geDFQ=s32-c-k-c0x00ffffff-no-rj,32,64,64x64,https://yt4.ggpht.com/ytc/AAUvwnh9EBPruJRmNDFrdXscGyOhvXTmaBCi4geDFQ=s64-c-k-c0x00ffffff-no-rj,64,Thanh Nguy·ªÖn Th·ªã,,,,,,,,,,,,,,,,,,,,,,,,,,,,,,,ƒë·∫°i √°n v·ªÅ thu·ªëc gi·∫£ ƒë∆∞a Con m·ª• Kim tuy·∫øn Ra x√©t x·ª≠,CkUKGkNPZXlqcHJZX084Q0Zac3ZyUVlkWlk0T1V3EidDSy1CaWFqU19POENGWE5YaFFvZFBVSUJtUTE2MTgzNjczNDg4MTk%3D,text_message,1584.45,26:24,1618367354214819
add_chat_item,,,UCzmmBT1O7Dan76aFo5n-8xg,source,https://yt4.ggpht.com/ytc/AAUvwnhA3cO_rduUXCG84pp0kxvrCZT-1_l6QPAC,32,32x32,https://yt4.ggpht.com/ytc/AAUvwnhA3cO_rduUXCG84pp0kxvrCZT-1_l6QPAC=s32-c-k-c0x00ffffff-no-rj,32,64,64x64,https://yt4.ggpht.com/ytc/AAUvwnhA3cO_rduUXCG84pp0kxvrCZT-1_l6QPAC=s64-c-k-c0x00ffffff-no-rj,64,Ph∆∞·ªõc D∆∞∆°ng,,,,,,,,,,,,,,,,,,,,,,,,,,,,,,,Ch·ªã Ti·∫øn kim ti√™m v·ªÅ v∆∞·ªùn an to√†n r·ªìi h·∫£ b·ªë D≈©ng ?,CkUKGkNJMlNoc1hZX084Q0Zmb0RyUVlkN01JQUNBEidDSTJqNm9uWF9POENGZFo1aXdvZEpIa1BfUTE2MTgzNjc0NDMxNjM%3D,text_message,1672.635,27:52,1618367444257085
add_chat_item,,,UCwPAmt7iGtzclJ2TaTcv-Nw,source,https://yt4.ggpht.com/_2LVnHRe91V4ltuK7f35Wa9INtfdnUs3v6vnMq9jwBjhl8DS0-E1zygSskiJJzwljbGWhoPXOM8,32,32x32,https://yt4.ggpht.com/_2LVnHRe91V4ltuK7f35Wa9INtfdnUs3v6vnMq9jwBjhl8DS0-E1zygSskiJJzwljbGWhoPXOM8=s32-c-k-c0x00ffffff-no-rj,32,64,64x64,https://yt4.ggpht.com/_2LVnHRe91V4ltuK7f35Wa9INtfdnUs3v6vnMq9jwBjhl8DS0-E1zygSskiJJzwljbGWhoPXOM8=s64-c-k-c0x00ffffff-no-rj,64,N√¥ng th·ªã Xu√¢n,,,,,,,,,,,,,,,,,,,,,,,,,,,,,,,"Ho√†ng chung h·∫£i t·ªôi c√≤n n·∫∑ng h∆°n ThƒÉng , v·∫≠y m√† n√≥ c√≥ b·ªã sao ƒë√¢u.",CkUKGkNPMmE2T19ZX084Q0ZjSEJ3Z1FkRFk4RXZ3EidDSlB4XzlEWV9POENGVjhHclFZZFlaQVBpQTE2MTgzNjc1MzQ1MDA%3D,text_message,1764.265,29:24,1618367533944220
add_chat_item,,,UC4L83emOM2KvcLmUonbRuvA,source,https://yt4.ggpht.com/ytc/AAUvwnhV8EkJUXRVAVW5utp82BkPK0Pbv3ozgNEfIA,32,32x32,https://yt4.ggpht.com/ytc/AAUvwnhV8EkJUXRVAVW5utp82BkPK0Pbv3ozgNEfIA=s32-c-k-c0x00ffffff-no-rj,32,64,64x64,https://yt4.ggpht.com/ytc/AAUvwnhV8EkJUXRVAVW5utp82BkPK0Pbv3ozgNEfIA=s64-c-k-c0x00ffffff-no-rj,64,Sƒ© long Nh√¢m,,,,,,,,,,,,,,,,,,,,,,,,,,,,,,,tien ruoi ƒë√¢u r·ªìi,CkUKGkNLNjVvXzNZX084Q0ZTNFJyUVlkSHJjSmhREidDSVhHeHM3VV9POENGYWhDaFFvZEhiY0d4QTE2MTgzNjc1NjExOTE%3D,text_message,1791.541,29:51,1618367562177781
add_chat_item,,,UCVfikGSqxm9agYsnebwJfgg,source,https://yt4.ggpht.com/ytc/AAUvwngPClc0RC4gNaQjetakQK0yfpoWwplS0ivymVON,32,32x32,https://yt4.ggpht.com/ytc/AAUvwngPClc0RC4gNaQjetakQK0yfpoWwplS0ivymVON=s32-c-k-c0x00ffffff-no-rj,32,64,64x64,https://yt4.ggpht.com/ytc/AAUvwngPClc0RC4gNaQjetakQK0yfpoWwplS0ivymVON=s64-c-k-c0x00ffffff-no-rj,64,Tr√¢n tr√¢n,,,,,,,,,,,,,,,,,,,,,,,,,,,,,,,üëç,CjoKGkNKZjZpTHJaX084Q0ZaZ0xyUVlkM19jSlRREhxDS0M4ck1uVF9POENGU2Y1T0FZZFM4d0dEdy0x,text_message,1919.077,31:59,1618367689669955
add_chat_item,,,UCzmmBT1O7Dan76aFo5n-8xg,source,https://yt4.ggpht.com/ytc/AAUvwnhA3cO_rduUXCG84pp0kxvrCZT-1_l6QPAC,32,32x32,https://yt4.ggpht.com/ytc/AAUvwnhA3cO_rduUXCG84pp0kxvrCZT-1_l6QPAC=s32-c-k-c0x00ffffff-no-rj,32,64,64x64,https://yt4.ggpht.com/ytc/AAUvwnhA3cO_rduUXCG84pp0kxvrCZT-1_l6QPAC=s64-c-k-c0x00ffffff-no-rj,64,Ph∆∞·ªõc D∆∞∆°ng,,,,,,,,,,,,,,,,,,,,,,,,,,,,,,,G·∫ßn ch·ª•c t·∫•n v√†ng ph∆°i n·∫Øng n·∫•y nƒÉm ·ªü khu gang th√©p c√≤n s√†i ƒë∆∞·ª£c kh√¥ng h·ªüi VoVa ?,CkUKGkNPM19uN3ZaX084Q0Zmb0RyUVlkN01JQUNBEidDSTJqNm9uWF9POENGZFo1aXdvZEpIa1BfUTE2MTgzNjc2OTExMzc%3D,text_message,1921.547,32:01,1618367692144664
add_chat_item,,,UC2Gf7hEZa_TD43TDXbLw1rw,source,https://yt4.ggpht.com/ytc/AAUvwniJwm98tD801X5V7_Vk7uuWA5eNt6ZLE-c-og,32,32x32,https://yt4.ggpht.com/ytc/AAUvwniJwm98tD801X5V7_Vk7uuWA5eNt6ZLE-c-og=s32-c-k-c0x00ffffff-no-rj,32,64,64x64,https://yt4.ggpht.com/ytc/AAUvwniJwm98tD801X5V7_Vk7uuWA5eNt6ZLE-c-og=s64-c-k-c0x00ffffff-no-rj,64,Danh Nguyen,,,,,,,,,,,,,,,,,,,,,,,,,,,,,,,ch√†o anh ch·ªã em,CkUKGkNKWE4xWnpqNk84Q0ZTNDlyUVlkT2pVSndREidDSmpxMTVMajZPOENGVU1OV0FvZGI4OEZNUTE2MTc2ODMxMTcxMTA%3D,text_message,40.564,0:40,1617683117598376
add_chat_item,,,UCJ4R5YqXTTLcQCZRNzpasbg,source,https://yt4.ggpht.com/ytc/AAUvwnjXUg0jjdMlhXNrhm_BjOynZrJIe_JEr8jDkA,32,32x32,https://yt4.ggpht.com/ytc/AAUvwnjXUg0jjdMlhXNrhm_BjOynZrJIe_JEr8jDkA=s32-c-k-c0x00ffffff-no-rj,32,64,64x64,https://yt4.ggpht.com/ytc/AAUvwnjXUg0jjdMlhXNrhm_BjOynZrJIe_JEr8jDkA=s64-c-k-c0x00ffffff-no-rj,64,Kh√°nhNam B√πi,,,,,,,,,,,,,,,,,,,,,,,,,,,,,,,Xin ch√†o Vo Va ,CjoKGkNJemg2YXZqNk84Q0ZSTU5yUVlkTGQ0QzBnEhxDTkN1eEpIajZPOENGWlVYV0FvZGIwNE1lQS0w,text_message,72.528,1:12,1617683149385940
add_chat_item,,,UCYlxXLWW9atIKVW7fzFyAmg,source,https://yt4.ggpht.com/ytc/AAUvwnjqEOzWAObHT32SPO3L4OX8vLS6EVamf-mVVA,32,32x32,https://yt4.ggpht.com/ytc/AAUvwnjqEOzWAObHT32SPO3L4OX8vLS6EVamf-mVVA=s32-c-k-c0x00ffffff-no-rj,32,64,64x64,https://yt4.ggpht.com/ytc/AAUvwnjqEOzWAObHT32SPO3L4OX8vLS6EVamf-mVVA=s64-c-k-c0x00ffffff-no-rj,64,tam tam,,,,,,,,,,,,,,,,,,,,,,,,,,,,,,,.,CjkKGkNLamluZkhqNk84Q0ZhZ0RyUVlkemdrRzZnEhtDSU9KeWU3ajZPOENGWXRTaFFvZG1uZ1BaZzA%3D,text_message,217.989,3:37,1617683294941516
add_chat_item,,,UC2Gf7hEZa_TD43TDXbLw1rw,source,https://yt4.ggpht.com/ytc/AAUvwniJwm98tD801X5V7_Vk7uuWA5eNt6ZLE-c-og,32,32x32,https://yt4.ggpht.com/ytc/AAUvwniJwm98tD801X5V7_Vk7uuWA5eNt6ZLE-c-og=s32-c-k-c0x00ffffff-no-rj,32,64,64x64,https://yt4.ggpht.com/ytc/AAUvwniJwm98tD801X5V7_Vk7uuWA5eNt6ZLE-c-og=s64-c-k-c0x00ffffff-no-rj,64,Danh Nguyen,,,,,,,,,,,,,,,,,,,,,,,,,,,,,,,nh·ªët b√≤,CkUKGkNPenQyNEhrNk84Q0ZkZkF3Z1FkVjI4RUVnEidDSVhUemZmajZPOENGWTlIaFFvZHZ1VU5ndzE2MTc2ODMzMjkxMDk%3D,text_message,252.777,4:12,1617683329513259
add_chat_item,,,UCu8E1g-KRORxrDLAvBdP8mg,source,https://yt4.ggpht.com/ytc/AAUvwnhFaI_psAwTKKpwL4dgacL0Piiw8P1AlH-4EpKUvw,32,32x32,https://yt4.ggpht.com/ytc/AAUvwnhFaI_psAwTKKpwL4dgacL0Piiw8P1AlH-4EpKUvw=s32-c-k-c0x00ffffff-no-rj,32,64,64x64,https://yt4.ggpht.com/ytc/AAUvwnhFaI_psAwTKKpwL4dgacL0Piiw8P1AlH-4EpKUvw=s64-c-k-c0x00ffffff-no-rj,64,Ha Tang Van,,,,,,,,,,,,,,,,,,,,,,,,,,,,,,,Hi! Vova,CkUKGkNPbV9rcmZrNk84Q0ZTUVJyUVlkZEtZS0NREidDTE9GNDh6ajZPOENGVWRBOVFVZEhja0hkQTE2MTc2ODM0Mzg5Njg%3D,text_message,364.597,6:04,1617683441557544
add_chat_item,,,UCwrrhwE8yTLzNh3BE3w7XMQ,source,https://yt4.ggpht.com/ytc/AAUvwnjnhgLlbRdDEIxgNtM_gDsnM9RkFXxQdq2YBg,32,32x32,https://yt4.ggpht.com/ytc/AAUvwnjnhgLlbRdDEIxgNtM_gDsnM9RkFXxQdq2YBg=s32-c-k-c0x00ffffff-no-rj,32,64,64x64,https://yt4.ggpht.com/ytc/AAUvwnjnhgLlbRdDEIxgNtM_gDsnM9RkFXxQdq2YBg=s64-c-k-c0x00ffffff-no-rj,64,hoang diep truong,,,,,,,,,,,,,,,,,,,,,,,,,,,,,,,ky h·∫πn m√†y ƒëi t√π kh√¥ng xa,CkUKGkNKUDI2OExrNk84Q0ZiTWFyUVlka19jQ3dBEidDTm13aDdUajZPOENGV0dad2dvZHFqTUFNZzE2MTc2ODM0Njk4MTg%3D,text_message,389.175,6:29,1617683466091315
add_chat_item,,,UCY0bvmZd6k4mq1FwqYj1YVw,source,https://yt4.ggpht.com/ytc/AAUvwngLq8xWRKbZoGDdHC5NkYGcF5KdF40yPS534Q,32,32x32,https://yt4.ggpht.com/ytc/AAUvwngLq8xWRKbZoGDdHC5NkYGcF5KdF40yPS534Q=s32-c-k-c0x00ffffff-no-rj,32,64,64x64,https://yt4.ggpht.com/ytc/AAUvwngLq8xWRKbZoGDdHC5NkYGcF5KdF40yPS534Q=s64-c-k-c0x00ffffff-no-rj,64,Mien Bui,,,,,,,,,,,,,,,,,,,,,,,,,,,,,,,N√ì L√ÄM ƒÇN ƒê√öNG .TH√å NH√ÇN D√ÇN ƒê·ª† T·ªêN TI·ªÄN ƒê·ªÇ X√ÇY NH√Ä T√ô,CkUKGkNObWI4Y2ZrNk84Q0ZRZ1RyUVlkcy1FQ2lREidDTE94dkp6ajZPOENGUWU5V0FvZFpxZ1BYUTE2MTc2ODM0NzUzMDM%3D,text_message,399.426,6:39,1617683476663808
add_chat_item,,,UCEAxaSe_AlG42pmv5q4u8eA,source,https://yt4.ggpht.com/ytc/AAUvwnj8eJRdT_seWWRK0jNC41ZKWfrMY9_sW5zH9A,32,32x32,https://yt4.ggpht.com/ytc/AAUvwnj8eJRdT_seWWRK0jNC41ZKWfrMY9_sW5zH9A=s32-c-k-c0x00ffffff-no-rj,32,64,64x64,https://yt4.ggpht.com/ytc/AAUvwnj8eJRdT_seWWRK0jNC41ZKWfrMY9_sW5zH9A=s64-c-k-c0x00ffffff-no-rj,64,Tr·∫ßn Ng·ªçc B√≠ch,,,,,,,,,,,,,,,,,,,,,,,,,,,,,,,Xin ch√†o Dung vo va,CjoKGkNMbTI1Y2prNk84Q0ZTUVJyUVlkZEtZS0NREhxDTzY2emFqajZPOENGY1ZES2dvZExZTUJQUS0w,text_message,401.546,6:41,1617683478567790
add_chat_item,,,UCwrrhwE8yTLzNh3BE3w7XMQ,source,https://yt4.ggpht.com/ytc/AAUvwnjnhgLlbRdDEIxgNtM_gDsnM9RkFXxQdq2YBg,32,32x32,https://yt4.ggpht.com/ytc/AAUvwnjnhgLlbRdDEIxgNtM_gDsnM9RkFXxQdq2YBg=s32-c-k-c0x00ffffff-no-rj,32,64,64x64,https://yt4.ggpht.com/ytc/AAUvwnjnhgLlbRdDEIxgNtM_gDsnM9RkFXxQdq2YBg=s64-c-k-c0x00ffffff-no-rj,64,hoang diep truong,,,,,,,,,,,,,,,,,,,,,,,,,,,,,,,ch tivi c√≥ b·∫£n quy·ªÅn ch∆∞a m√† t·ª± t·∫°o ki·∫øm c∆°m th√¥i ƒÉn c∆°m t√π n√≥ ngon ngon,CkUKGkNQQ0EtX2JrNk84Q0ZhMDNyUVlkS3hVSzlnEidDTm13aDdUajZPOENGV0dad2dvZHFqTUFNZzE2MTc2ODM1NzkxMDg%3D,text_message,498.384,8:18,1617683575390388
add_chat_item,,,UCPjjY2mcO2sojNcWtpj3woA,source,https://yt4.ggpht.com/ytc/AAUvwnjWv3VxACkuxl2TdXNIX4cbSJ2MikmmN2eqFg,32,32x32,https://yt4.ggpht.com/ytc/AAUvwnjWv3VxACkuxl2TdXNIX4cbSJ2MikmmN2eqFg=s32-c-k-c0x00ffffff-no-rj,32,64,64x64,https://yt4.ggpht.com/ytc/AAUvwnjWv3VxACkuxl2TdXNIX4cbSJ2MikmmN2eqFg=s64-c-k-c0x00ffffff-no-rj,64,Tr∆∞·ªùng Ti·∫øn,,,,,,,,,,,,,,,,,,,,,,,,,,,,,,,e ch√†o a dung nh√©,CkUKGkNKM3JvWUhsNk84Q0ZTNDlyUVlkT2pVSndREidDTjdwenZyazZPOENGUVZCOVFVZFZmSUJEUTE2MTc2ODM2NzkzOTM%3D,text_message,520.067,8:40,1617683596998084
add_chat_item,,,UCwrrhwE8yTLzNh3BE3w7XMQ,source,https://yt4.ggpht.com/ytc/AAUvwnjnhgLlbRdDEIxgNtM_gDsnM9RkFXxQdq2YBg,32,32x32,https://yt4.ggpht.com/ytc/AAUvwnjnhgLlbRdDEIxgNtM_gDsnM9RkFXxQdq2YBg=s32-c-k-c0x00ffffff-no-rj,32,64,64x64,https://yt4.ggpht.com/ytc/AAUvwnjnhgLlbRdDEIxgNtM_gDsnM9RkFXxQdq2YBg=s64-c-k-c0x00ffffff-no-rj,64,hoang diep truong,,,,,,,,,,,,,,,,,,,,,,,,,,,,,,,b·ªã tri·ªáu t·∫≠p m·∫•y l·∫ßn m√† kh√¥ng bi·∫øt l√† m√¨nh ngu,CkUKGkNNSDZwcHZsNk84Q0ZSTU5yUVlkTGQ0QzBnEidDTm13aDdUajZPOENGV0dad2dvZHFqTUFNZzE2MTc2ODM2NTUzMTI%3D,text_message,574.593,9:34,1617683651607933
add_chat_item,,,UCwrrhwE8yTLzNh3BE3w7XMQ,source,https://yt4.ggpht.com/ytc/AAUvwnjnhgLlbRdDEIxgNtM_gDsnM9RkFXxQdq2YBg,32,32x32,https://yt4.ggpht.com/ytc/AAUvwnjnhgLlbRdDEIxgNtM_gDsnM9RkFXxQdq2YBg=s32-c-k-c0x00ffffff-no-rj,32,64,64x64,https://yt4.ggpht.com/ytc/AAUvwnjnhgLlbRdDEIxgNtM_gDsnM9RkFXxQdq2YBg=s64-c-k-c0x00ffffff-no-rj,64,hoang diep truong,,,,,,,,,,,,,,,,,,,,,,,,,,,,,,,b·∫°n m√†y h√πng gan ·ªü t√π m√¨nh bu·ªìn cho m√†y k√¨a,CkUKGkNPRDUyZFhsNk84Q0ZTNDlyUVlkT2pVSndREidDTm13aDdUajZPOENGV0dad2dvZHFqTUFNZzE2MTc2ODM3Nzc3ODE%3D,text_message,697.467,11:37,1617683774078211
add_chat_item,,,UCp5mB9MvyusK6UZJeKuPOvA,source,https://yt4.ggpht.com/ytc/AAUvwnhyRRR7cNmEA12o7f2sfOGzpmCm1oWrxv9ZIw,32,32x32,https://yt4.ggpht.com/ytc/AAUvwnhyRRR7cNmEA12o7f2sfOGzpmCm1oWrxv9ZIw=s32-c-k-c0x00ffffff-no-rj,32,64,64x64,https://yt4.ggpht.com/ytc/AAUvwnhyRRR7cNmEA12o7f2sfOGzpmCm1oWrxv9ZIw=s64-c-k-c0x00ffffff-no-rj,64,H√≤a Ho√†ng,,,,,,,,,,,,,,,,,,,,,,,,,,,,,,,ch√†o b√°c v√¥ va bu·ªïi ch∆∞a ch√∫c b√°c m·∫°nh kh·ªèe,CkUKGkNQeVA5NERtNk84Q0ZSTU5yUVlkTGQ0QzBnEidDUGJxbE5qbDZPOENGUm0wV0FvZGhzQUZEQTE2MTc2ODM4NjM4MDQ%3D,text_message,787.853,13:07,1617683864733744
add_chat_item,owner,Owner,UCD1s7civaeRejq20HQm7lSg,source,https://yt4.ggpht.com/ytc/AAUvwngg-QKE5Tkyvxobo-1NcluX3acLkqdcwpdnpJf0,32,32x32,https://yt4.ggpht.com/ytc/AAUvwngg-QKE5Tkyvxobo-1NcluX3acLkqdcwpdnpJf0=s32-c-k-c0x00ffffff-no-rj,32,64,64x64,https://yt4.ggpht.com/ytc/AAUvwngg-QKE5Tkyvxobo-1NcluX3acLkqdcwpdnpJf0=s64-c-k-c0x00ffffff-no-rj,64,L√™ D≈©ng VoVa,,,,,,,,,,,,,,,,,,,,,,,,,,,,,,,Ch√†o kh√°n gi·∫£ c·ªßa Vova,CjoKGkNJWGh2b0RuNk84Q0ZhZ0RyUVlkemdrRzZnEhxDSVNkOHVIbTZPOENGVmNUV0FvZEJUb0FrQS0w,text_message,1055.484,17:35,1617684132245672
add_chat_item,owner,Owner,UCD1s7civaeRejq20HQm7lSg,source,https://yt4.ggpht.com/ytc/AAUvwngg-QKE5Tkyvxobo-1NcluX3acLkqdcwpdnpJf0,32,32x32,https://yt4.ggpht.com/ytc/AAUvwngg-QKE5Tkyvxobo-1NcluX3acLkqdcwpdnpJf0=s32-c-k-c0x00ffffff-no-rj,32,64,64x64,https://yt4.ggpht.com/ytc/AAUvwngg-QKE5Tkyvxobo-1NcluX3acLkqdcwpdnpJf0=s64-c-k-c0x00ffffff-no-rj,64,L√™ D≈©ng VoVa,,,,,,,,,,,,,,,,,,,,,,,,,,,,,,,Kh√¥ng ch·∫•n ch·ªânh ngay th√¨ l·∫°i nh∆∞ cao t·ªëc ƒê√† N·∫µng - Qu·∫£ng Ng√£i: b·∫Øt v√†i ch·ª•c c√°n b·ªô k·ªπ s∆∞ ƒë·ªìng nghi·ªáp c·ªßa Vova th√¨ h·∫øt nh√¢n l·ª±c c·ªßa ng√†nh x√¢y d·ª±ng.,CjoKGkNLbmo2TFhuNk84Q0ZlQU5yUVlkOFp3RGVBEhxDSVNkOHVIbTZPOENGVmNUV0FvZEJUb0FrQS0x,text_message,1167.287,19:27,1617684244083243
add_chat_item,,,UCWYoX-k8R7K9h4wC7sIJHcg,source,https://yt4.ggpht.com/ytc/AAUvwngKS1UE82NhckYY1t1_PKzLjd9AiFLldAv1Yw,32,32x32,https://yt4.ggpht.com/ytc/AAUvwngKS1UE82NhckYY1t1_PKzLjd9AiFLldAv1Yw=s32-c-k-c0x00ffffff-no-rj,32,64,64x64,https://yt4.ggpht.com/ytc/AAUvwngKS1UE82NhckYY1t1_PKzLjd9AiFLldAv1Yw=s64-c-k-c0x00ffffff-no-rj,64,Ba Nguy·ªÖn,,,,,,,,,,,,,,,,,,,,,,,,,,,,,,,ch√†o anh vo va,CkUKGkNNS3hxY0xuNk84Q0ZiTWFyUVlka19jQ3dBEidDUG1HMUxMbjZPOENGV2dfWUFvZHI0a0RPQTE2MTc2ODQyNjYxNzc%3D,text_message,1193.535,19:53,1617684270307569
add_chat_item,,,UC3DqjrAuWH42e-SkwZoGTzQ,source,https://yt4.ggpht.com/ytc/AAUvwngOdJxaBmoQjMt5lfKTeY8S3nzC5v2VLitjPqiETw,32,32x32,https://yt4.ggpht.com/ytc/AAUvwngOdJxaBmoQjMt5lfKTeY8S3nzC5v2VLitjPqiETw=s32-c-k-c0x00ffffff-no-rj,32,64,64x64,https://yt4.ggpht.com/ytc/AAUvwngOdJxaBmoQjMt5lfKTeY8S3nzC5v2VLitjPqiETw=s64-c-k-c0x00ffffff-no-rj,64,Le Rang,,,,,,,,,,,,,,,,,,,,,,,,,,,,,,,C√≥ ph·∫£i h·ªç kh√¥ng bi·∫øt kh√¥ng ? kh√¥ng ch·∫Øc !,CjkKGkNQRHlwTnpuNk84Q0ZSTU5yUVlkTGQ0QzBnEhtDSXVrNTVmbjZPOENGUklLdHdBZHVkUUZtUTA%3D,text_message,1247.858,20:47,1617684324759977
add_chat_item,,,UCUEnUpMPP3MR7djWgNlgXFA,source,https://yt4.ggpht.com/0MMVkllWLsKCIFOytkavPpYDPtMOcgbIgzP-60x62bziikYg0LBJcV38G6mCBIrPHTowscE6mdQ,32,32x32,https://yt4.ggpht.com/0MMVkllWLsKCIFOytkavPpYDPtMOcgbIgzP-60x62bziikYg0LBJcV38G6mCBIrPHTowscE6mdQ=s32-c-k-c0x00ffffff-no-rj,32,64,64x64,https://yt4.ggpht.com/0MMVkllWLsKCIFOytkavPpYDPtMOcgbIgzP-60x62bziikYg0LBJcV38G6mCBIrPHTowscE6mdQ=s64-c-k-c0x00ffffff-no-rj,64,h·ªì h√†,,,,,,,,,,,,,,,,,,,,,,,,,,,,,,,ch√†o anh vova,CkUKGkNKcmhyWnJvNk84Q0Zkc3FyUVlkNmI4S1J3EidDTE96MllubzZPOENGWkFQWUFvZFhpNEVuQTE2MTc2ODQ0NTU1OTc%3D,text_message,1377.952,22:57,1617684454928587
add_chat_item,,,UCtqez0m6_LAV3TJyZI9qIkA,source,https://yt4.ggpht.com/ytc/AAUvwngnBVOMhBWgIdY76OP8rmq7WC4XqzTmNst_cg,32,32x32,https://yt4.ggpht.com/ytc/AAUvwngnBVOMhBWgIdY76OP8rmq7WC4XqzTmNst_cg=s32-c-k-c0x00ffffff-no-rj,32,64,64x64,https://yt4.ggpht.com/ytc/AAUvwngnBVOMhBWgIdY76OP8rmq7WC4XqzTmNst_cg=s64-c-k-c0x00ffffff-no-rj,64,ƒê·∫Øc L√™ Thanh,UCkszU2WH9gy1mb0dV-11UJg/8P50XuS9Oo7h8wSqtIagBA,source,https://yt3.ggpht.com/ktU04FFgK_a6yaXCS1US-ReFkLjD22XllcIMOyBRHuYKLsrxpVxsauV1gSC2RPraMJWXpWcY,24,24x24,https://yt3.ggpht.com/ktU04FFgK_a6yaXCS1US-ReFkLjD22XllcIMOyBRHuYKLsrxpVxsauV1gSC2RPraMJWXpWcY=w24-h24-c-k-nd,24,48,48x48,https://yt3.ggpht.com/ktU04FFgK_a6yaXCS1US-ReFkLjD22XllcIMOyBRHuYKLsrxpVxsauV1gSC2RPraMJWXpWcY=w48-h48-c-k-nd,48,True,:dothefive:,dothefive,:dothefive:,,,,,,,,,,,,,,,,:dothefive::dothefive::dothefive:,CkUKGkNJbldtTVdhaF9BQ0ZYRUNyUVlkZ044QU1nEidDTlQ4dnIyYWhfQUNGZGRBOVFVZEx0a0hCdzE2MTg3Mjg3NTQ5NTA%3D,text_message,43.769,0:43,1618728758684469
add_chat_item,,,UCtqez0m6_LAV3TJyZI9qIkA,source,https://yt4.ggpht.com/ytc/AAUvwngnBVOMhBWgIdY76OP8rmq7WC4XqzTmNst_cg,32,32x32,https://yt4.ggpht.com/ytc/AAUvwngnBVOMhBWgIdY76OP8rmq7WC4XqzTmNst_cg=s32-c-k-c0x00ffffff-no-rj,32,64,64x64,https://yt4.ggpht.com/ytc/AAUvwngnBVOMhBWgIdY76OP8rmq7WC4XqzTmNst_cg=s64-c-k-c0x00ffffff-no-rj,64,ƒê·∫Øc L√™ Thanh,UCkszU2WH9gy1mb0dV-11UJg/8P50XuS9Oo7h8wSqtIagBA,source,https://yt3.ggpht.com/ktU04FFgK_a6yaXCS1US-ReFkLjD22XllcIMOyBRHuYKLsrxpVxsauV1gSC2RPraMJWXpWcY,24,24x24,https://yt3.ggpht.com/ktU04FFgK_a6yaXCS1US-ReFkLjD22XllcIMOyBRHuYKLsrxpVxsauV1gSC2RPraMJWXpWcY=w24-h24-c-k-nd,24,48,48x48,https://yt3.ggpht.com/ktU04FFgK_a6yaXCS1US-ReFkLjD22XllcIMOyBRHuYKLsrxpVxsauV1gSC2RPraMJWXpWcY=w48-h48-c-k-nd,48,True,:dothefive:,dothefive,:dothefive:,,,,,,,,,,,,,,,,:dothefive::dothefive::dothefive:,CkUKGkNJbldtTVdhaF9BQ0ZYRUNyUVlkZ044QU1nEidDTlQ4dnIyYWhfQUNGZGRBOVFVZEx0a0hCdzE2MTg3Mjg3NTQ5NTA%3D,text_message,43.769,0:43,1618728758684469
add_chat_item,,,UC3hJxxPpeKjncvbR35b_qAQ,source,https://yt4.ggpht.com/ytc/AAUvwnjv_3wusESk1IrUm0m4X3qpdfByFnMRoL2tfGTC,32,32x32,https://yt4.ggpht.com/ytc/AAUvwnjv_3wusESk1IrUm0m4X3qpdfByFnMRoL2tfGTC=s32-c-k-c0x00ffffff-no-rj,32,64,64x64,https://yt4.ggpht.com/ytc/AAUvwnjv_3wusESk1IrUm0m4X3qpdfByFnMRoL2tfGTC=s64-c-k-c0x00ffffff-no-rj,64,Chau Huynh,,,,,,,,,,,,,,,,,,,,,,,,,,,,,,,M·∫øn ch√†o anh D≈©ng v√† m·ªçi ng∆∞·ªùi !,CjkKGkNNX1B1dDZhaF9BQ0ZZZ0FyUVlkdEdFS0VnEhtDT3lZa2NDYWhfQUNGVThnS2dvZEV0d0xPdzA%3D,text_message,96.927,1:36,1618728811669500
add_chat_item,,,UCIoOAJUBB4SxmBbocDoul7Q,source,https://yt4.ggpht.com/ytc/AAUvwngz4SQqZY2Xufv1wnpFwMZ0c10MkTYDwIki,32,32x32,https://yt4.ggpht.com/ytc/AAUvwngz4SQqZY2Xufv1wnpFwMZ0c10MkTYDwIki=s32-c-k-c0x00ffffff-no-rj,32,64,64x64,https://yt4.ggpht.com/ytc/AAUvwngz4SQqZY2Xufv1wnpFwMZ0c10MkTYDwIki=s64-c-k-c0x00ffffff-no-rj,64,Tung Tang,,,,,,,,,,,,,,,,,,,,,,,,,,,,,,,chao anh dung vova chtv,CkUKGkNKWDlsdTJiaF9BQ0ZUVVhmUW9kTThRQ0JREidDTjcxcWQyYmhfQUNGY004WUFvZERwd0s3UTE2MTg3MjkxMTAxODE%3D,text_message,396.118,6:36,1618729110978260
add_chat_item,,,UCKz529S3SvNLnQzHgpzelWw,source,https://yt4.ggpht.com/ytc/AAUvwnj5PlbL5inQtii3ylVyOJRdo5gCRHA5r2lPKw,32,32x32,https://yt4.ggpht.com/ytc/AAUvwnj5PlbL5inQtii3ylVyOJRdo5gCRHA5r2lPKw=s32-c-k-c0x00ffffff-no-rj,32,64,64x64,https://yt4.ggpht.com/ytc/AAUvwnj5PlbL5inQtii3ylVyOJRdo5gCRHA5r2lPKw=s64-c-k-c0x00ffffff-no-rj,64,Son Bui,,,,,,,,,,,,,,,,,,,,,,,,,,,,,,,dung ∆°i c·ªë l√™n nh√© gi√∫p ƒë·ª° ng∆∞·ªùi.la c√≥ ph√∫c ƒë·∫•y.co gi√∫p L√™ Ch√≠ ph√®o th√†nh ko,CkUKGkNLbmp5SVNjaF9BQ0ZiTWFyUVlkTlpnRDF3EidDT3FQeTlLYmhfQUNGVm5QVEFJZEZBTUFPdzE2MTg3MjkxNTkxMTk%3D,text_message,445.135,7:25,1618729160028630
add_chat_item,,,UCg4LHpYV5tuzG-zGtFKf3jQ,source,https://yt4.ggpht.com/ytc/AAUvwnjLBqKOIvhihHv17t0fAW5iYqAVZ4cMSay7AQ,32,32x32,https://yt4.ggpht.com/ytc/AAUvwnjLBqKOIvhihHv17t0fAW5iYqAVZ4cMSay7AQ=s32-c-k-c0x00ffffff-no-rj,32,64,64x64,https://yt4.ggpht.com/ytc/AAUvwnjLBqKOIvhihHv17t0fAW5iYqAVZ4cMSay7AQ=s64-c-k-c0x00ffffff-no-rj,64,phong dao,,,,,,,,,,,,,,,,,,,,,,,,,,,,,,,"√¥ng ch·∫•n b·ªã oan sai nh√† n∆∞·ªõc b·ªìi th∆∞·ªùng ti·ªÅn , c·∫•p sai s·ªï ƒë·ªè th√¨ h·ªßy l√† ƒë√∫ng qui tr√¨nh v√† d√¢n ph·∫£i b·ªìi th∆∞·ªùng c√°n b·ªô",CkUKGkNLaVR3dS1kaF9BQ0Zkc19yUVlkMEp3SGNREidDTDJCOWNtY2hfQUNGY0pDOVFVZHZDc09SUTE2MTg3Mjk2NTIwNzQ%3D,text_message,937.999,15:37,1618729652750832
add_chat_item,,,UCmkU9vO5PUcHhRZwLj8cwmA,source,https://yt4.ggpht.com/ytc/AAUvwnhQkuZOreH5Jmcl-81xKRO_VCNNwByAtw66lg,32,32x32,https://yt4.ggpht.com/ytc/AAUvwnhQkuZOreH5Jmcl-81xKRO_VCNNwByAtw66lg=s32-c-k-c0x00ffffff-no-rj,32,64,64x64,https://yt4.ggpht.com/ytc/AAUvwnhQkuZOreH5Jmcl-81xKRO_VCNNwByAtw66lg=s64-c-k-c0x00ffffff-no-rj,64,Dang Nhuong,,,,,,,,,,,,,,,,,,,,,,,,,,,,,,,gi√° k·ªÉ √îng tr·ªçng m·ªõi √¥ng ph√∫c ƒÉn n√≥i d·ª©t kho√°t nh∆∞ a vova th√¨ c√≥ ph·∫£i t·ªët ko.,CkUKGkNNcmpyZVNlaF9BQ0Zkc19yUVlkMEp3SGNREidDTXphcV9DY2hfQUNGUWhJaFFvZHE4MEx4ZzE2MTg3Mjk5MDExMTQ%3D,text_message,1182.964,19:42,1618729897783847
add_chat_item,,,UC1OG_KkXFIvAPBNexgauQCw,source,https://yt4.ggpht.com/ytc/AAUvwnjedYJr9GxVBYQO_vhVu009QkU2MHrjN2i30g,32,32x32,https://yt4.ggpht.com/ytc/AAUvwnjedYJr9GxVBYQO_vhVu009QkU2MHrjN2i30g=s32-c-k-c0x00ffffff-no-rj,32,64,64x64,https://yt4.ggpht.com/ytc/AAUvwnjedYJr9GxVBYQO_vhVu009QkU2MHrjN2i30g=s64-c-k-c0x00ffffff-no-rj,64,M·∫°nh Th·∫ø B√πi,,,,,,,,,,,,,,,,,,,,,,,,,,,,,,,ch∆∞a v√†o t√π h·∫£ D≈©ng vova,CkUKGkNPejZ4dW1laF9BQ0Zka1FyUVlkOVB3QThnEidDUHl3NnRpZWhfQUNGYTNsT0FZZGRoc0J5QTE2MTg3Mjk5MDgyMjI%3D,text_message,1193.773,19:53,1618729908682129
add_chat_item,,,UCBeXnlorhV6KHRvAgN8bVlg,source,https://yt4.ggpht.com/ytc/AAUvwnj0WO3FCmlQE-vBm3oyQ4ivThRUwB0soM9fMA,32,32x32,https://yt4.ggpht.com/ytc/AAUvwnj0WO3FCmlQE-vBm3oyQ4ivThRUwB0soM9fMA=s32-c-k-c0x00ffffff-no-rj,32,64,64x64,https://yt4.ggpht.com/ytc/AAUvwnj0WO3FCmlQE-vBm3oyQ4ivThRUwB0soM9fMA=s64-c-k-c0x00ffffff-no-rj,64,My Family,,,,,,,,,,,,,,,,,,,,,,,,,,,,,,,TH·∫∞NG D≈®NG PH·∫¢I ƒêI T√ô,CkUKGkNPNm01YUNmaF9BQ0ZYRUNyUVlkZ044QU1nEidDS3UxeE15ZWhfQUNGUkg0V0FvZExuQUR1dzE2MTg3MzAwMjgxOTQ%3D,text_message,1309.428,21:49,1618730024522736
add_chat_item,,,UCMUqrnu0EQBXNsFkXi-N5zA,source,https://yt4.ggpht.com/ytc/AAUvwnhJ5nSJFyk_wkPPA5vsjmgDiJvdZwn0yBCYVQ,32,32x32,https://yt4.ggpht.com/ytc/AAUvwnhJ5nSJFyk_wkPPA5vsjmgDiJvdZwn0yBCYVQ=s32-c-k-c0x00ffffff-no-rj,32,64,64x64,https://yt4.ggpht.com/ytc/AAUvwnhJ5nSJFyk_wkPPA5vsjmgDiJvdZwn0yBCYVQ=s64-c-k-c0x00ffffff-no-rj,64,B√≠ch B·∫°ch,,,,,,,,,,,,,,,,,,,,,,,,,,,,,,,Qoan trong l·∫•y ƒë·∫•t giao cho ai ok,CjoKGkNNLVBvT3lmaF9BQ0Zkc19yUVlkMEp3SGNREhxDTS0wX182Y2hfQUNGWVlqV0FvZE8wOE9DZy0w,text_message,1467.996,24:27,1618730182772739
add_chat_item,,,UClBtu9HxQSZx9yQRPs7me4A,source,https://yt4.ggpht.com/ytc/AAUvwnjSxyMIngXX0Atbo26d0XET2ocAGZvgjQUu-Q,32,32x32,https://yt4.ggpht.com/ytc/AAUvwnjSxyMIngXX0Atbo26d0XET2ocAGZvgjQUu-Q=s32-c-k-c0x00ffffff-no-rj,32,64,64x64,https://yt4.ggpht.com/ytc/AAUvwnjSxyMIngXX0Atbo26d0XET2ocAGZvgjQUu-Q=s64-c-k-c0x00ffffff-no-rj,64,H√πng D∆∞∆°ng,,,,,,,,,,,,,,,,,,,,,,,,,,,,,,,Sao h√¥m nay ch∆∞∆°ng tr√¨nh l·∫°i ƒë·ªÉ l·∫Øm ch√≥ v√†o s·ªßa th·∫ø,CjoKGkNNamF2NFdnaF9BQ0Zmb0RyUVlkN01JQUNBEhxDTDZINlphZmhfQUNGUWNmV0FvZDRmSU8tQS0w,text_message,1520.783,25:20,1618730235719030
add_chat_item,,,UCtqez0m6_LAV3TJyZI9qIkA,source,https://yt4.ggpht.com/ytc/AAUvwngnBVOMhBWgIdY76OP8rmq7WC4XqzTmNst_cg,32,32x32,https://yt4.ggpht.com/ytc/AAUvwngnBVOMhBWgIdY76OP8rmq7WC4XqzTmNst_cg=s32-c-k-c0x00ffffff-no-rj,32,64,64x64,https://yt4.ggpht.com/ytc/AAUvwngnBVOMhBWgIdY76OP8rmq7WC4XqzTmNst_cg=s64-c-k-c0x00ffffff-no-rj,64,ƒê·∫Øc L√™ Thanh,UCkszU2WH9gy1mb0dV-11UJg/8P50XuS9Oo7h8wSqtIagBA,source,https://yt3.ggpht.com/ktU04FFgK_a6yaXCS1US-ReFkLjD22XllcIMOyBRHuYKLsrxpVxsauV1gSC2RPraMJWXpWcY,24,24x24,https://yt3.ggpht.com/ktU04FFgK_a6yaXCS1US-ReFkLjD22XllcIMOyBRHuYKLsrxpVxsauV1gSC2RPraMJWXpWcY=w24-h24-c-k-nd,24,48,48x48,https://yt3.ggpht.com/ktU04FFgK_a6yaXCS1US-ReFkLjD22XllcIMOyBRHuYKLsrxpVxsauV1gSC2RPraMJWXpWcY=w48-h48-c-k-nd,48,True,:dothefive:,dothefive,:dothefive:,,,,,,,,,,,,,,,,:dothefive::dothefive::dothefive:,CkUKGkNJbldtTVdhaF9BQ0ZYRUNyUVlkZ044QU1nEidDTlQ4dnIyYWhfQUNGZGRBOVFVZEx0a0hCdzE2MTg3Mjg3NTQ5NTA%3D,text_message,43.769,0:43,1618728758684469
add_chat_item,,,UC3hJxxPpeKjncvbR35b_qAQ,source,https://yt4.ggpht.com/ytc/AAUvwnjv_3wusESk1IrUm0m4X3qpdfByFnMRoL2tfGTC,32,32x32,https://yt4.ggpht.com/ytc/AAUvwnjv_3wusESk1IrUm0m4X3qpdfByFnMRoL2tfGTC=s32-c-k-c0x00ffffff-no-rj,32,64,64x64,https://yt4.ggpht.com/ytc/AAUvwnjv_3wusESk1IrUm0m4X3qpdfByFnMRoL2tfGTC=s64-c-k-c0x00ffffff-no-rj,64,Chau Huynh,,,,,,,,,,,,,,,,,,,,,,,,,,,,,,,M·∫øn ch√†o anh D≈©ng v√† m·ªçi ng∆∞·ªùi !,CjkKGkNNX1B1dDZhaF9BQ0ZZZ0FyUVlkdEdFS0VnEhtDT3lZa2NDYWhfQUNGVThnS2dvZEV0d0xPdzA%3D,text_message,96.927,1:36,1618728811669500
add_chat_item,,,UCIoOAJUBB4SxmBbocDoul7Q,source,https://yt4.ggpht.com/ytc/AAUvwngz4SQqZY2Xufv1wnpFwMZ0c10MkTYDwIki,32,32x32,https://yt4.ggpht.com/ytc/AAUvwngz4SQqZY2Xufv1wnpFwMZ0c10MkTYDwIki=s32-c-k-c0x00ffffff-no-rj,32,64,64x64,https://yt4.ggpht.com/ytc/AAUvwngz4SQqZY2Xufv1wnpFwMZ0c10MkTYDwIki=s64-c-k-c0x00ffffff-no-rj,64,Tung Tang,,,,,,,,,,,,,,,,,,,,,,,,,,,,,,,chao anh dung vova chtv,CkUKGkNKWDlsdTJiaF9BQ0ZUVVhmUW9kTThRQ0JREidDTjcxcWQyYmhfQUNGY004WUFvZERwd0s3UTE2MTg3MjkxMTAxODE%3D,text_message,396.118,6:36,1618729110978260
add_chat_item,,,UCKz529S3SvNLnQzHgpzelWw,source,https://yt4.ggpht.com/ytc/AAUvwnj5PlbL5inQtii3ylVyOJRdo5gCRHA5r2lPKw,32,32x32,https://yt4.ggpht.com/ytc/AAUvwnj5PlbL5inQtii3ylVyOJRdo5gCRHA5r2lPKw=s32-c-k-c0x00ffffff-no-rj,32,64,64x64,https://yt4.ggpht.com/ytc/AAUvwnj5PlbL5inQtii3ylVyOJRdo5gCRHA5r2lPKw=s64-c-k-c0x00ffffff-no-rj,64,Son Bui,,,,,,,,,,,,,,,,,,,,,,,,,,,,,,,dung ∆°i c·ªë l√™n nh√© gi√∫p ƒë·ª° ng∆∞·ªùi.la c√≥ ph√∫c ƒë·∫•y.co gi√∫p L√™ Ch√≠ ph√®o th√†nh ko,CkUKGkNLbmp5SVNjaF9BQ0ZiTWFyUVlkTlpnRDF3EidDT3FQeTlLYmhfQUNGVm5QVEFJZEZBTUFPdzE2MTg3MjkxNTkxMTk%3D,text_message,445.135,7:25,1618729160028630
add_chat_item,,,UCg4LHpYV5tuzG-zGtFKf3jQ,source,https://yt4.ggpht.com/ytc/AAUvwnjLBqKOIvhihHv17t0fAW5iYqAVZ4cMSay7AQ,32,32x32,https://yt4.ggpht.com/ytc/AAUvwnjLBqKOIvhihHv17t0fAW5iYqAVZ4cMSay7AQ=s32-c-k-c0x00ffffff-no-rj,32,64,64x64,https://yt4.ggpht.com/ytc/AAUvwnjLBqKOIvhihHv17t0fAW5iYqAVZ4cMSay7AQ=s64-c-k-c0x00ffffff-no-rj,64,phong dao,,,,,,,,,,,,,,,,,,,,,,,,,,,,,,,"√¥ng ch·∫•n b·ªã oan sai nh√† n∆∞·ªõc b·ªìi th∆∞·ªùng ti·ªÅn , c·∫•p sai s·ªï ƒë·ªè th√¨ h·ªßy l√† ƒë√∫ng qui tr√¨nh v√† d√¢n ph·∫£i b·ªìi th∆∞·ªùng c√°n b·ªô",CkUKGkNLaVR3dS1kaF9BQ0Zkc19yUVlkMEp3SGNREidDTDJCOWNtY2hfQUNGY0pDOVFVZHZDc09SUTE2MTg3Mjk2NTIwNzQ%3D,text_message,937.999,15:37,1618729652750832
add_chat_item,,,UCmkU9vO5PUcHhRZwLj8cwmA,source,https://yt4.ggpht.com/ytc/AAUvwnhQkuZOreH5Jmcl-81xKRO_VCNNwByAtw66lg,32,32x32,https://yt4.ggpht.com/ytc/AAUvwnhQkuZOreH5Jmcl-81xKRO_VCNNwByAtw66lg=s32-c-k-c0x00ffffff-no-rj,32,64,64x64,https://yt4.ggpht.com/ytc/AAUvwnhQkuZOreH5Jmcl-81xKRO_VCNNwByAtw66lg=s64-c-k-c0x00ffffff-no-rj,64,Dang Nhuong,,,,,,,,,,,,,,,,,,,,,,,,,,,,,,,gi√° k·ªÉ √îng tr·ªçng m·ªõi √¥ng ph√∫c ƒÉn n√≥i d·ª©t kho√°t nh∆∞ a vova th√¨ c√≥ ph·∫£i t·ªët ko.,CkUKGkNNcmpyZVNlaF9BQ0Zkc19yUVlkMEp3SGNREidDTXphcV9DY2hfQUNGUWhJaFFvZHE4MEx4ZzE2MTg3Mjk5MDExMTQ%3D,text_message,1182.964,19:42,1618729897783847
add_chat_item,,,UC1OG_KkXFIvAPBNexgauQCw,source,https://yt4.ggpht.com/ytc/AAUvwnjedYJr9GxVBYQO_vhVu009QkU2MHrjN2i30g,32,32x32,https://yt4.ggpht.com/ytc/AAUvwnjedYJr9GxVBYQO_vhVu009QkU2MHrjN2i30g=s32-c-k-c0x00ffffff-no-rj,32,64,64x64,https://yt4.ggpht.com/ytc/AAUvwnjedYJr9GxVBYQO_vhVu009QkU2MHrjN2i30g=s64-c-k-c0x00ffffff-no-rj,64,M·∫°nh Th·∫ø B√πi,,,,,,,,,,,,,,,,,,,,,,,,,,,,,,,ch∆∞a v√†o t√π h·∫£ D≈©ng vova,CkUKGkNPejZ4dW1laF9BQ0Zka1FyUVlkOVB3QThnEidDUHl3NnRpZWhfQUNGYTNsT0FZZGRoc0J5QTE2MTg3Mjk5MDgyMjI%3D,text_message,1193.773,19:53,1618729908682129
add_chat_item,,,UCBeXnlorhV6KHRvAgN8bVlg,source,https://yt4.ggpht.com/ytc/AAUvwnj0WO3FCmlQE-vBm3oyQ4ivThRUwB0soM9fMA,32,32x32,https://yt4.ggpht.com/ytc/AAUvwnj0WO3FCmlQE-vBm3oyQ4ivThRUwB0soM9fMA=s32-c-k-c0x00ffffff-no-rj,32,64,64x64,https://yt4.ggpht.com/ytc/AAUvwnj0WO3FCmlQE-vBm3oyQ4ivThRUwB0soM9fMA=s64-c-k-c0x00ffffff-no-rj,64,My Family,,,,,,,,,,,,,,,,,,,,,,,,,,,,,,,TH·∫∞NG D≈®NG PH·∫¢I ƒêI T√ô,CkUKGkNPNm01YUNmaF9BQ0ZYRUNyUVlkZ044QU1nEidDS3UxeE15ZWhfQUNGUkg0V0FvZExuQUR1dzE2MTg3MzAwMjgxOTQ%3D,text_message,1309.428,21:49,1618730024522736
add_chat_item,,,UCMUqrnu0EQBXNsFkXi-N5zA,source,https://yt4.ggpht.com/ytc/AAUvwnhJ5nSJFyk_wkPPA5vsjmgDiJvdZwn0yBCYVQ,32,32x32,https://yt4.ggpht.com/ytc/AAUvwnhJ5nSJFyk_wkPPA5vsjmgDiJvdZwn0yBCYVQ=s32-c-k-c0x00ffffff-no-rj,32,64,64x64,https://yt4.ggpht.com/ytc/AAUvwnhJ5nSJFyk_wkPPA5vsjmgDiJvdZwn0yBCYVQ=s64-c-k-c0x00ffffff-no-rj,64,B√≠ch B·∫°ch,,,,,,,,,,,,,,,,,,,,,,,,,,,,,,,Qoan trong l·∫•y ƒë·∫•t giao cho ai ok,CjoKGkNNLVBvT3lmaF9BQ0Zkc19yUVlkMEp3SGNREhxDTS0wX182Y2hfQUNGWVlqV0FvZE8wOE9DZy0w,text_message,1467.996,24:27,1618730182772739
add_chat_item,,,UClBtu9HxQSZx9yQRPs7me4A,source,https://yt4.ggpht.com/ytc/AAUvwnjSxyMIngXX0Atbo26d0XET2ocAGZvgjQUu-Q,32,32x32,https://yt4.ggpht.com/ytc/AAUvwnjSxyMIngXX0Atbo26d0XET2ocAGZvgjQUu-Q=s32-c-k-c0x00ffffff-no-rj,32,64,64x64,https://yt4.ggpht.com/ytc/AAUvwnjSxyMIngXX0Atbo26d0XET2ocAGZvgjQUu-Q=s64-c-k-c0x00ffffff-no-rj,64,H√πng D∆∞∆°ng,,,,,,,,,,,,,,,,,,,,,,,,,,,,,,,Sao h√¥m nay ch∆∞∆°ng tr√¨nh l·∫°i ƒë·ªÉ l·∫Øm ch√≥ v√†o s·ªßa th·∫ø,CjoKGkNNamF2NFdnaF9BQ0Zmb0RyUVlkN01JQUNBEhxDTDZINlphZmhfQUNGUWNmV0FvZDRmSU8tQS0w,text_message,1520.783,25:20,1618730235719030
add_chat_item,,,UCNuwXCgXsjvtdN3nMvTBioQ,source,https://yt4.ggpht.com/ytc/AAUvwnjnY48sEx1L69waCrepXPuCt5a22V6lx0Rm3g,32,32x32,https://yt4.ggpht.com/ytc/AAUvwnjnY48sEx1L69waCrepXPuCt5a22V6lx0Rm3g=s32-c-k-c0x00ffffff-no-rj,32,64,64x64,https://yt4.ggpht.com/ytc/AAUvwnjnY48sEx1L69waCrepXPuCt5a22V6lx0Rm3g=s64-c-k-c0x00ffffff-no-rj,64,Vinh Le,,,,,,,,,,,,,,,,,,,,,,,,,,,,,,,T∆∞·ªüng A g·ªçi ai g·ªçi c√°i b·ªçn v·ª´a c√¢m v·ª´a ƒëi·∫øc !,CkUKGkNLaXBwb3liaF9BQ0Zkc19yUVlkMEp3SGNREidDS3lYbzVtYWhfQUNGWU1YV0FvZHhmNEthdzE2MTg3Mjg5MDY5NTA%3D,text_message,161.438,2:41,1618728907805930
add_chat_item,,,UCSTMLmPUytR4-MxYaAuEEWQ,source,https://yt4.ggpht.com/ytc/AAUvwnjbl9jEmzd5ZslOiEe7NABdgqCGi6srfSYc-A,32,32x32,https://yt4.ggpht.com/ytc/AAUvwnjbl9jEmzd5ZslOiEe7NABdgqCGi6srfSYc-A=s32-c-k-c0x00ffffff-no-rj,32,64,64x64,https://yt4.ggpht.com/ytc/AAUvwnjbl9jEmzd5ZslOiEe7NABdgqCGi6srfSYc-A=s64-c-k-c0x00ffffff-no-rj,64,Minh Ng·ªçc,,,,,,,,,,,,,,,,,,,,,,,,,,,,,,,Qu·∫£n l√Ω (ƒê). ƒë·ªÉ l·∫•y ti·ªÅn nu√¥i ( L)...?,CkUKGkNOdVM1cGFiaF9BQ0ZZZ0FyUVlkdEdFS0VnEidDUENfM1BpYWhfQUNGWWFlV0FvZEVmQUZQQTE2MTg2ODU3OTM2NDU%3D,text_message,181.993,3:01,1618728929823098
add_chat_item,,,UCSTMLmPUytR4-MxYaAuEEWQ,source,https://yt4.ggpht.com/ytc/AAUvwnjbl9jEmzd5ZslOiEe7NABdgqCGi6srfSYc-A,32,32x32,https://yt4.ggpht.com/ytc/AAUvwnjbl9jEmzd5ZslOiEe7NABdgqCGi6srfSYc-A=s32-c-k-c0x00ffffff-no-rj,32,64,64x64,https://yt4.ggpht.com/ytc/AAUvwnjbl9jEmzd5ZslOiEe7NABdgqCGi6srfSYc-A=s64-c-k-c0x00ffffff-no-rj,64,Minh Ng·ªçc,,,,,,,,,,,,,,,,,,,,,,,,,,,,,,,ƒê√°y l√† c√°n b√¥ m√π lu√¢t...?,CkUKGkNPSzFsNDJjaF9BQ0ZYRUNyUVlkZ044QU1nEidDUENfM1BpYWhfQUNGWWFlV0FvZEVmQUZQQTE2MTg2ODYwNDE4OTE%3D,text_message,429.382,7:09,1618729178094343
add_chat_item,,,UCNuwXCgXsjvtdN3nMvTBioQ,source,https://yt4.ggpht.com/ytc/AAUvwnjnY48sEx1L69waCrepXPuCt5a22V6lx0Rm3g,32,32x32,https://yt4.ggpht.com/ytc/AAUvwnjnY48sEx1L69waCrepXPuCt5a22V6lx0Rm3g=s32-c-k-c0x00ffffff-no-rj,32,64,64x64,https://yt4.ggpht.com/ytc/AAUvwnjnY48sEx1L69waCrepXPuCt5a22V6lx0Rm3g=s64-c-k-c0x00ffffff-no-rj,64,Vinh Le,,,,,,,,,,,,,,,,,,,,,,,,,,,,,,,th·∫ø th√¨ l·∫•y c√°i c·ªù c·ªù g√¨ m√† c·ª© su·ªët ng√†y ra r·∫£ l√† quang vinh l√† mu√¥n nƒÉm . m ki√™,CkUKGkNJeXdqSi1jaF9BQ0Zla2xyUVlkcFZ3Q01nEidDS3lYbzVtYWhfQUNGWU1YV0FvZHhmNEthdzE2MTg3MjkyMTQ4MTA%3D,text_message,467.087,7:47,1618729215662129
add_chat_item,,,UCu2nAyb5xIdXWE2sfRZDlKA,source,https://yt4.ggpht.com/ytc/AAUvwnjOzsL_IEWmfEIrvsvVkRo_aFUCQvTAsalE4fYO,32,32x32,https://yt4.ggpht.com/ytc/AAUvwnjOzsL_IEWmfEIrvsvVkRo_aFUCQvTAsalE4fYO=s32-c-k-c0x00ffffff-no-rj,32,64,64x64,https://yt4.ggpht.com/ytc/AAUvwnjOzsL_IEWmfEIrvsvVkRo_aFUCQvTAsalE4fYO=s64-c-k-c0x00ffffff-no-rj,64,V -Playz,,,,,,,,,,,,,,,,,,,,,,,,,,,,,,,üëçüëçüëç,CjoKGkNNS2x0TldjaF9BQ0ZlQU5yUVlkRHo0SlV3EhxDTmVkdDlDY2hfQUNGUlBsT0FZZE85NElQQS0w,text_message,581.345,9:41,1618729329562430
add_chat_item,,,UCSTMLmPUytR4-MxYaAuEEWQ,source,https://yt4.ggpht.com/ytc/AAUvwnjbl9jEmzd5ZslOiEe7NABdgqCGi6srfSYc-A,32,32x32,https://yt4.ggpht.com/ytc/AAUvwnjbl9jEmzd5ZslOiEe7NABdgqCGi6srfSYc-A=s32-c-k-c0x00ffffff-no-rj,32,64,64x64,https://yt4.ggpht.com/ytc/AAUvwnjbl9jEmzd5ZslOiEe7NABdgqCGi6srfSYc-A=s64-c-k-c0x00ffffff-no-rj,64,Minh Ng·ªçc,,,,,,,,,,,,,,,,,,,,,,,,,,,,,,,C√≥ khi √¥ng n√†y khai qu√¢t c·∫£ m·∫£ b·ªë √¥ng ·∫•y l√™n ƒë√≤i b√¨a ƒë·ªè ( ƒë·ªÉ l√†m quy·ªÅn th√πa k·∫ø )...?,CkUKGkNLTDBnZjZjaF9BQ0ZTQXRyUVlkU0hrRHZREidDUENfM1BpYWhfQUNGWWFlV0FvZEVmQUZQQTE2MTg2ODYyNzg1MzA%3D,text_message,666.509,11:06,1618729414720082
add_chat_item,,,UCqp86-UcIT0j8bt4HD7jEUA,source,https://yt4.ggpht.com/ytc/AAUvwnjb0tCGQPu2kXtxuNW5QgU8uLNBwqvETVBEvw,32,32x32,https://yt4.ggpht.com/ytc/AAUvwnjb0tCGQPu2kXtxuNW5QgU8uLNBwqvETVBEvw=s32-c-k-c0x00ffffff-no-rj,32,64,64x64,https://yt4.ggpht.com/ytc/AAUvwnjb0tCGQPu2kXtxuNW5QgU8uLNBwqvETVBEvw=s64-c-k-c0x00ffffff-no-rj,64,T√†i L√™ H·ªØu,,,,,,,,,,,,,,,,,,,,,,,,,,,,,,,th·ªùi bu·ªïi n√†y c√≤n nh·ªØng c√°n b·ªô nh∆∞ th·∫ø n√†y h·ªèng h·∫øt ƒë·∫•t n∆∞·ªõc,CkUKGkNLVEN1cHFmaF9BQ0ZXNGxyUVlkODZrQzNREidDTTJLMHJxYmhfQUNGVWNOV0FvZC0wa0VZUTE2MTg3MzAwMDk2MTk%3D,text_message,1263.896,21:03,1618730011238729
add_chat_item,,,UCiNXIwc2ZO3PcyssI-OBrlQ,source,https://yt4.ggpht.com/ytc/AAUvwniPc2NMKuVMPMNjXxL1pG3RBsG32xJIRV0anA,32,32x32,https://yt4.ggpht.com/ytc/AAUvwniPc2NMKuVMPMNjXxL1pG3RBsG32xJIRV0anA=s32-c-k-c0x00ffffff-no-rj,32,64,64x64,https://yt4.ggpht.com/ytc/AAUvwniPc2NMKuVMPMNjXxL1pG3RBsG32xJIRV0anA=s64-c-k-c0x00ffffff-no-rj,64,nguyen trungdung,,,,,,,,,,,,,,,,,,,,,,,,,,,,,,,Anh cho s·ªë de em gi√∫p?,CjoKGkNMT3l5cUtmaF9BQ0ZTQXRyUVlkU0hrRHZREhxDSjJaMy1pYmhfQUNGVnRWaFFvZFo1MENYQS0w,text_message,1281.094,21:21,1618730028276054
add_chat_item,,,UClZ8byfHaJnI3zq7mTERP-g,source,https://yt4.ggpht.com/ytc/AAUvwnjDPQ0tAHKdnhozbUOtWlbE-6alOiVT7VCxOw,32,32x32,https://yt4.ggpht.com/ytc/AAUvwnjDPQ0tAHKdnhozbUOtWlbE-6alOiVT7VCxOw=s32-c-k-c0x00ffffff-no-rj,32,64,64x64,https://yt4.ggpht.com/ytc/AAUvwnjDPQ0tAHKdnhozbUOtWlbE-6alOiVT7VCxOw=s64-c-k-c0x00ffffff-no-rj,64,Nh∆∞ Qu·ª≥nh,,,,,,,,,,,,,,,,,,,,,,,,,,,,,,,·ª´ th√¨ s√°ng cap √¥ ƒëi chieu cap √¥ ve...!!?,CkUKGkNNYkRfYmVmaF9BQ0ZUVVhmUW9kTThRQ0JREidDTDNVME9tZGhfQUNGUS05V0FvZEdmSUUydzE2MTg3MzAwODcxNjk%3D,text_message,1326.295,22:06,1618730073154022
add_chat_item,,,UCiNXIwc2ZO3PcyssI-OBrlQ,source,https://yt4.ggpht.com/ytc/AAUvwniPc2NMKuVMPMNjXxL1pG3RBsG32xJIRV0anA,32,32x32,https://yt4.ggpht.com/ytc/AAUvwniPc2NMKuVMPMNjXxL1pG3RBsG32xJIRV0anA=s32-c-k-c0x00ffffff-no-rj,32,64,64x64,https://yt4.ggpht.com/ytc/AAUvwniPc2NMKuVMPMNjXxL1pG3RBsG32xJIRV0anA=s64-c-k-c0x00ffffff-no-rj,64,nguyen trungdung,,,,,,,,,,,,,,,,,,,,,,,,,,,,,,,Anh ki·ªÅu cho em s·ªë?,CjoKGkNKeTNxYnVmaF9BQ0Zkc19yUVlkMEp3SGNREhxDSjJaMy1pYmhfQUNGVnRWaFFvZFo1MENYQS0x,text_message,1332.983,22:12,1618730080164833
add_chat_item,,,UCARF4rwmUjzD5mTJLojcbuw,source,https://yt4.ggpht.com/ytc/AAUvwnj0Hcf-r_YClAMX9zYlzdUTsQGeEbGD0Zl2GemJHA,32,32x32,https://yt4.ggpht.com/ytc/AAUvwnj0Hcf-r_YClAMX9zYlzdUTsQGeEbGD0Zl2GemJHA=s32-c-k-c0x00ffffff-no-rj,32,64,64x64,https://yt4.ggpht.com/ytc/AAUvwnj0Hcf-r_YClAMX9zYlzdUTsQGeEbGD0Zl2GemJHA=s64-c-k-c0x00ffffff-no-rj,64,Tr·ªçng Nguy·ªÖn Qu·ªëc,,,,,,,,,,,,,,,,,,,,,,,,,,,,,,,ph·∫£i c√¥ng nh·∫≠n l√† qu√° kh·ªën n·∫°n,CkUKGkNJYlg5SXlnaF9BQ0ZiTWFyUVlkTlpnRDF3EidDTV9sZ3ZHZWhfQUNGUTFTaFFvZDhJY0xaZzE2MTg3MzAyNTAzNjc%3D,text_message,1503.533,25:03,1618730251266981
add_chat_item,,,UCARF4rwmUjzD5mTJLojcbuw,source,https://yt4.ggpht.com/ytc/AAUvwnj0Hcf-r_YClAMX9zYlzdUTsQGeEbGD0Zl2GemJHA,32,32x32,https://yt4.ggpht.com/ytc/AAUvwnj0Hcf-r_YClAMX9zYlzdUTsQGeEbGD0Zl2GemJHA=s32-c-k-c0x00ffffff-no-rj,32,64,64x64,https://yt4.ggpht.com/ytc/AAUvwnj0Hcf-r_YClAMX9zYlzdUTsQGeEbGD0Zl2GemJHA=s64-c-k-c0x00ffffff-no-rj,64,Tr·ªçng Nguy·ªÖn Qu·ªëc,,,,,,,,,,,,,,,,,,,,,,,,,,,,,,,kh·ªën n·∫°n v√† kh·ªën n·∫°n qu√°,CkUKGkNLN284NW1naF9BQ0Zmb0RyUVlkN01JQUNBEidDTV9sZ3ZHZWhfQUNGUTFTaFFvZDhJY0xaZzE2MTg3MzAyNzc2MjI%3D,text_message,1530.657,25:30,1618730278515812
add_chat_item,,,UClZ8byfHaJnI3zq7mTERP-g,source,https://yt4.ggpht.com/ytc/AAUvwnjDPQ0tAHKdnhozbUOtWlbE-6alOiVT7VCxOw,32,32x32,https://yt4.ggpht.com/ytc/AAUvwnjDPQ0tAHKdnhozbUOtWlbE-6alOiVT7VCxOw=s32-c-k-c0x00ffffff-no-rj,32,64,64x64,https://yt4.ggpht.com/ytc/AAUvwnjDPQ0tAHKdnhozbUOtWlbE-6alOiVT7VCxOw=s64-c-k-c0x00ffffff-no-rj,64,Nh∆∞ Qu·ª≥nh,,,,,,,,,,,,,,,,,,,,,,,,,,,,,,,thoi buoi ran bat nat ng√≥e,CkUKGkNQYjR2cU9naF9BQ0ZTNFJyUVlkSHJjSmhREidDTDNVME9tZGhfQUNGUS05V0FvZEdmSUUydzE2MTg3MzAzMTI1NzU%3D,text_message,1551.155,25:51,1618730298621103
add_chat_item,,,UC7ZegQ6aOubSvxbbbB4hwCQ,source,https://yt4.ggpht.com/ytc/AAUvwnjHRU7K7zgZfPHeVV_3sWvOXDLxQGe0Dj_GhQ,32,32x32,https://yt4.ggpht.com/ytc/AAUvwnjHRU7K7zgZfPHeVV_3sWvOXDLxQGe0Dj_GhQ=s32-c-k-c0x00ffffff-no-rj,32,64,64x64,https://yt4.ggpht.com/ytc/AAUvwnjHRU7K7zgZfPHeVV_3sWvOXDLxQGe0Dj_GhQ=s64-c-k-c0x00ffffff-no-rj,64,Oanh Kim,,,,,,,,,,,,,,,,,,,,,,,,,,,,,,,Chao bac cung ace chtv.,CkUKGkNQckp2cXJTX084Q0ZiTWFyUVlkTlpnRDF3EidDUHpiN3B2U19POENGUTlIaFFvZEpwc0hNQTE2MTgzNjU3NzY5NTk%3D,text_message,51.186,0:51,1618365777945900
add_chat_item,,,UC135PTlOaLbvnxjgqcGtAsQ,source,https://yt4.ggpht.com/ytc/AAUvwnjzMDmt6-q3kSIpn1v7V-kNNHdWZqQSboavMQ,32,32x32,https://yt4.ggpht.com/ytc/AAUvwnjzMDmt6-q3kSIpn1v7V-kNNHdWZqQSboavMQ=s32-c-k-c0x00ffffff-no-rj,32,64,64x64,https://yt4.ggpht.com/ytc/AAUvwnjzMDmt6-q3kSIpn1v7V-kNNHdWZqQSboavMQ=s64-c-k-c0x00ffffff-no-rj,64,T√¢m Nguy·ªÖn,,,,,,,,,,,,,,,,,,,,,,,,,,,,,,,d·∫°o n√†y anh √≠t l√™n s√≥ng qu√°,CkUKGkNLakhrTlBTX084Q0ZaZ0xyUVlkM19jSlRREidDT0tjaUtQU19POENGUVpqWUFvZGJaZ0I5ZzE2MTgzNjU4NTgzMjc%3D,text_message,136.564,2:16,1618365863175143
add_chat_item,,,UCKSpLmFSR9WERqnxlG8sxpA,source,https://yt4.ggpht.com/ytc/AAUvwngw1XNTqcGVxCJGGqsbvu87Cw2WVI2hhS0r6UVM,32,32x32,https://yt4.ggpht.com/ytc/AAUvwngw1XNTqcGVxCJGGqsbvu87Cw2WVI2hhS0r6UVM=s32-c-k-c0x00ffffff-no-rj,32,64,64x64,https://yt4.ggpht.com/ytc/AAUvwngw1XNTqcGVxCJGGqsbvu87Cw2WVI2hhS0r6UVM=s64-c-k-c0x00ffffff-no-rj,64,tsurumi kenji,,,,,,,,,,,,,,,,,,,,,,,,,,,,,,,vova tuong bi nhap kho roi,CkUKGkNJcUx5dDdTX084Q0Zmb0RyUVlkN01JQUNBEidDS3lOZ2N2U19POENGVWJKV0FvZGRHZ0dJUTE2MTgzNjU4ODY5NDU%3D,text_message,160.327,2:40,1618365887186377
add_chat_item,,,UCNrhmdXjHmKFowsTsqQoitA,source,https://yt4.ggpht.com/ytc/AAUvwnjCuUJ7nj7ncrFQA_nUwqDeuY1-x0b8SxmhFQ,32,32x32,https://yt4.ggpht.com/ytc/AAUvwnjCuUJ7nj7ncrFQA_nUwqDeuY1-x0b8SxmhFQ=s32-c-k-c0x00ffffff-no-rj,32,64,64x64,https://yt4.ggpht.com/ytc/AAUvwnjCuUJ7nj7ncrFQA_nUwqDeuY1-x0b8SxmhFQ=s64-c-k-c0x00ffffff-no-rj,64,T√∫ Nguy·ªÖn,,,,,,,,,,,,,,,,,,,,,,,,,,,,,,,ch√†o anh vo va,CkUKGkNNZm8ydmpTX084Q0ZXNGxyUVlkODZrQzNREidDSzJOb2JuU19POENGVlZSaFFvZGNlQUNIZzE2MTgzNjU5NDEzOTU%3D,text_message,215.441,3:35,1618365941986426
add_chat_item,,,UCMoBvkW2_QRCEVLS_C5k0XA,source,https://yt4.ggpht.com/ytc/AAUvwniSxZPHYrArDssXl-tPBs3fjMZvFdbDKIH6S7xeQUI,32,32x32,https://yt4.ggpht.com/ytc/AAUvwniSxZPHYrArDssXl-tPBs3fjMZvFdbDKIH6S7xeQUI=s32-c-k-c0x00ffffff-no-rj,32,64,64x64,https://yt4.ggpht.com/ytc/AAUvwniSxZPHYrArDssXl-tPBs3fjMZvFdbDKIH6S7xeQUI=s64-c-k-c0x00ffffff-no-rj,64,TTXVH Vova,,,,,,,,,,,,,,,,,,,,,,,,,,,,,,,5 ƒë·∫°i √°n x·ª≠ quanh nƒÉm ch∆∞a xong,CjoKGkNLT1Y4SUxUX084Q0ZSTU5yUVlkVVRFQzJBEhxDS25HeF9uU19POENGVkxSV0FvZHBJZ0NLQS0w,text_message,236.347,3:56,1618365963307739
add_chat_item,,,UC7ZegQ6aOubSvxbbbB4hwCQ,source,https://yt4.ggpht.com/ytc/AAUvwnjHRU7K7zgZfPHeVV_3sWvOXDLxQGe0Dj_GhQ,32,32x32,https://yt4.ggpht.com/ytc/AAUvwnjHRU7K7zgZfPHeVV_3sWvOXDLxQGe0Dj_GhQ=s32-c-k-c0x00ffffff-no-rj,32,64,64x64,https://yt4.ggpht.com/ytc/AAUvwnjHRU7K7zgZfPHeVV_3sWvOXDLxQGe0Dj_GhQ=s64-c-k-c0x00ffffff-no-rj,64,Oanh Kim,,,,,,,,,,,,,,,,,,,,,,,,,,,,,,,"Du an deo gi,toan mot lu an tan pha mat.",CkUKGkNKbXJtSnZUX084Q0ZlQU5yUVlkRHo0SlV3EidDUHpiN3B2U19POENGUTlIaFFvZEpwc0hNQTE2MTgzNjYwMTMzMjY%3D,text_message,287.422,4:47,1618366014297548
add_chat_item,,,UC-EckFUDgqTfSipd14zhtfw,source,https://yt4.ggpht.com/ytc/AAUvwnjEcnk4-9SzUxtZ4cFSZe3A1a3N_KqllcXcN5Coeg,32,32x32,https://yt4.ggpht.com/ytc/AAUvwnjEcnk4-9SzUxtZ4cFSZe3A1a3N_KqllcXcN5Coeg=s32-c-k-c0x00ffffff-no-rj,32,64,64x64,https://yt4.ggpht.com/ytc/AAUvwnjEcnk4-9SzUxtZ4cFSZe3A1a3N_KqllcXcN5Coeg=s64-c-k-c0x00ffffff-no-rj,64,QUY PHAM VAN,,,,,,,,,,,,,,,,,,,,,,,,,,,,,,,Ch√†o anh D≈©ng vova v√† ace ,CjoKGkNKWGJtY0RUX084Q0ZSTU5yUVlkVVRFQzJBEhxDTkt1a2JYVF9POENGWko4aXdvZGZmZ0Q5Zy0w,text_message,365.33,6:05,1618366091914686
add_chat_item,,,UCMoBvkW2_QRCEVLS_C5k0XA,source,https://yt4.ggpht.com/ytc/AAUvwniSxZPHYrArDssXl-tPBs3fjMZvFdbDKIH6S7xeQUI,32,32x32,https://yt4.ggpht.com/ytc/AAUvwniSxZPHYrArDssXl-tPBs3fjMZvFdbDKIH6S7xeQUI=s32-c-k-c0x00ffffff-no-rj,32,64,64x64,https://yt4.ggpht.com/ytc/AAUvwniSxZPHYrArDssXl-tPBs3fjMZvFdbDKIH6S7xeQUI=s64-c-k-c0x00ffffff-no-rj,64,TTXVH Vova,,,,,,,,,,,,,,,,,,,,,,,,,,,,,,,H√†ng ch·ª•c ƒë·∫°i √°n ng√†n t·ª∑ ch·ªâ ri√™ng li√™n b·ªô c√¥ng th∆∞∆°ng s·∫Ω x·ª≠ v√†i nƒÉm kh√¥ng h·∫øt ,CjoKGkNQV3JwOHJUX084Q0Zka1FyUVlkOVB3QThnEhxDS25HeF9uU19POENGVkxSV0FvZHBJZ0NLQS0x,text_message,386.124,6:26,1618366113109545
add_chat_item,,,UCNrhmdXjHmKFowsTsqQoitA,source,https://yt4.ggpht.com/ytc/AAUvwnjCuUJ7nj7ncrFQA_nUwqDeuY1-x0b8SxmhFQ,32,32x32,https://yt4.ggpht.com/ytc/AAUvwnjCuUJ7nj7ncrFQA_nUwqDeuY1-x0b8SxmhFQ=s32-c-k-c0x00ffffff-no-rj,32,64,64x64,https://yt4.ggpht.com/ytc/AAUvwnjCuUJ7nj7ncrFQA_nUwqDeuY1-x0b8SxmhFQ=s64-c-k-c0x00ffffff-no-rj,64,T√∫ Nguy·ªÖn,,,,,,,,,,,,,,,,,,,,,,,,,,,,,,,b·ªçn CS vc. ch·ªâ bi·∫øt ƒÉn. & ph√° th√¥i. ti·ªÅn thu·∫ø c·ªßa d√¢n ƒë√¢u.,CkUKGkNJZUJ1WlBVX084Q0ZXNGxyUVlkODZrQzNREidDSzJOb2JuU19POENGVlZSaFFvZGNlQUNIZzE2MTgzNjYyNjU5MjQ%3D,text_message,539.69,8:59,1618366266491059
add_chat_item,,,UCMoBvkW2_QRCEVLS_C5k0XA,source,https://yt4.ggpht.com/ytc/AAUvwniSxZPHYrArDssXl-tPBs3fjMZvFdbDKIH6S7xeQUI,32,32x32,https://yt4.ggpht.com/ytc/AAUvwniSxZPHYrArDssXl-tPBs3fjMZvFdbDKIH6S7xeQUI=s32-c-k-c0x00ffffff-no-rj,32,64,64x64,https://yt4.ggpht.com/ytc/AAUvwniSxZPHYrArDssXl-tPBs3fjMZvFdbDKIH6S7xeQUI=s64-c-k-c0x00ffffff-no-rj,64,TTXVH Vova,,,,,,,,,,,,,,,,,,,,,,,,,,,,,,,ƒê·∫°i √°n Nh·∫≠t C∆∞·ªùng v√† thu·ªëc ung th∆∞ gi·∫£ s·∫Ω ti·∫øp theo,CjoKGkNMVDhnc1BVX084Q0ZUVVhmUW9kTThRQ0JREhxDTTNBLW96VV9POENGZEYwaXdvZDFWVUZhZy0w,text_message,639.795,10:39,1618366366269022
add_chat_item,,,UCCMJzHmxGlpCZ1rdzizyh8Q,source,https://yt4.ggpht.com/ytc/AAUvwniMbxjjytlWKVNMcz8ofNpcSbt-NeEZbr_aAg,32,32x32,https://yt4.ggpht.com/ytc/AAUvwniMbxjjytlWKVNMcz8ofNpcSbt-NeEZbr_aAg=s32-c-k-c0x00ffffff-no-rj,32,64,64x64,https://yt4.ggpht.com/ytc/AAUvwniMbxjjytlWKVNMcz8ofNpcSbt-NeEZbr_aAg=s64-c-k-c0x00ffffff-no-rj,64,B√†i Nguy·ªÖn,,,,,,,,,,,,,,,,,,,,,,,,,,,,,,,V√¥va l·∫°i b·∫Øt ƒë·∫ßu g√°y.,CjoKGkNKVFlrb25WX084Q0Zmb0RyUVlkN01JQUNBEhxDT0hvelBiVV9POENGUVhVV0FvZG9lZ0d4QS0w,text_message,786.708,13:06,1618366513327174
add_chat_item,,,UClZ8byfHaJnI3zq7mTERP-g,source,https://yt4.ggpht.com/ytc/AAUvwnjDPQ0tAHKdnhozbUOtWlbE-6alOiVT7VCxOw,32,32x32,https://yt4.ggpht.com/ytc/AAUvwnjDPQ0tAHKdnhozbUOtWlbE-6alOiVT7VCxOw=s32-c-k-c0x00ffffff-no-rj,32,64,64x64,https://yt4.ggpht.com/ytc/AAUvwnjDPQ0tAHKdnhozbUOtWlbE-6alOiVT7VCxOw=s64-c-k-c0x00ffffff-no-rj,64,Nh∆∞ Qu·ª≥nh,,,,,,,,,,,,,,,,,,,,,,,,,,,,,,,chao ban nha bao via he vo va csk b·∫°n,CkUKGkNJNnVsNDdWX084Q0Zmb0RyUVlkN01JQUNBEidDT0RCcVBQVV9POENGYnhEOVFVZGhlRVBzdzE2MTgzNjY1Mzc4Mzg%3D,text_message,797.217,13:17,1618366523889494
add_chat_item,,,UC7ZegQ6aOubSvxbbbB4hwCQ,source,https://yt4.ggpht.com/ytc/AAUvwnjHRU7K7zgZfPHeVV_3sWvOXDLxQGe0Dj_GhQ,32,32x32,https://yt4.ggpht.com/ytc/AAUvwnjHRU7K7zgZfPHeVV_3sWvOXDLxQGe0Dj_GhQ=s32-c-k-c0x00ffffff-no-rj,32,64,64x64,https://yt4.ggpht.com/ytc/AAUvwnjHRU7K7zgZfPHeVV_3sWvOXDLxQGe0Dj_GhQ=s64-c-k-c0x00ffffff-no-rj,64,Oanh Kim,,,,,,,,,,,,,,,,,,,,,,,,,,,,,,,"Dai an hay tieu an gi khong can biet, cai can biet ,la thang nao thu lai so tien thue da mat.",CkUKGkNKdV9tZXpWX084Q0ZlQU5yUVlkRHo0SlV3EidDUHpiN3B2U19POENGUTlIaFFvZEpwc0hNQTE2MTgzNjY3MjAxMDc%3D,text_message,994.226,16:34,1618366721056733
add_chat_item,,,UCEstaaeTQk8pRlz5Pocw87w,source,https://yt4.ggpht.com/ytc/AAUvwngnGFiVDQSZo8oUB5VQ_OJ7tx4kkapcjs1Ywg,32,32x32,https://yt4.ggpht.com/ytc/AAUvwngnGFiVDQSZo8oUB5VQ_OJ7tx4kkapcjs1Ywg=s32-c-k-c0x00ffffff-no-rj,32,64,64x64,https://yt4.ggpht.com/ytc/AAUvwngnGFiVDQSZo8oUB5VQ_OJ7tx4kkapcjs1Ywg=s64-c-k-c0x00ffffff-no-rj,64,Th·∫ø anh hd Th·∫ø anh hd,,,,,,,,,,,,,,,,,,,,,,,,,,,,,,,L·∫°i th·∫•y anh live. m·ª´ng qu√°!,CkUKGkNPbTh6WTNXX084Q0Zac3ZyUVlkWlk0T1V3EidDT0xCcnZqVl9POENGY2xCOVFVZDZEb0xxdzE2MTgzNjY3ODk2Nzc%3D,text_message,1064.523,17:44,1618366791114394
add_chat_item,,,UCc-KqFnHjx4RTf3lml2APuw,source,https://yt4.ggpht.com/ytc/AAUvwnjteZNxPHnTWJy_cTtKYzpPcii4xjVcs-WP9-JW3w,32,32x32,https://yt4.ggpht.com/ytc/AAUvwnjteZNxPHnTWJy_cTtKYzpPcii4xjVcs-WP9-JW3w=s32-c-k-c0x00ffffff-no-rj,32,64,64x64,https://yt4.ggpht.com/ytc/AAUvwnjteZNxPHnTWJy_cTtKYzpPcii4xjVcs-WP9-JW3w=s64-c-k-c0x00ffffff-no-rj,64,Ph∆∞∆°ng channel Hoa,,,,,,,,,,,,,,,,,,,,,,,,,,,,,,,ch√†o anh l≈© ph·∫£n ƒë·ªông,CkUKGkNMdmJ0YXJXX084Q0ZaZ0xyUVlkM19jSlRREidDS1hHZ2FIV19POENGVmhEaFFvZDVaUUpWZzE2MTgzNjY4NTE0NTk%3D,text_message,1124.894,18:44,1618366851542510
add_chat_item,,,UCMoBvkW2_QRCEVLS_C5k0XA,source,https://yt4.ggpht.com/ytc/AAUvwniSxZPHYrArDssXl-tPBs3fjMZvFdbDKIH6S7xeQUI,32,32x32,https://yt4.ggpht.com/ytc/AAUvwniSxZPHYrArDssXl-tPBs3fjMZvFdbDKIH6S7xeQUI=s32-c-k-c0x00ffffff-no-rj,32,64,64x64,https://yt4.ggpht.com/ytc/AAUvwniSxZPHYrArDssXl-tPBs3fjMZvFdbDKIH6S7xeQUI=s64-c-k-c0x00ffffff-no-rj,64,TTXVH Vova,,,,,,,,,,,,,,,,,,,,,,,,,,,,,,,Ph·∫£n ƒë·ªông kh√¥ng tham nh≈©ng ph√° ho·∫°i nh∆∞ m·∫•y th·∫±ng c·∫©u quan nh·ªâ ,CjoKGkNQVFEyYnpXX084Q0ZaZ0xyUVlkM19jSlRREhxDS3YybFpiV19POENGY2RLWUFvZDhFMEZ2US0w,text_message,1163.171,19:23,1618366889879728
add_chat_item,,,UCkDTwY9yghRCWWPT-tRyWBA,source,https://yt4.ggpht.com/ytc/AAUvwngmkbeyKYXxlhTij1wH0vdmOIH3k-0FYGtncA,32,32x32,https://yt4.ggpht.com/ytc/AAUvwngmkbeyKYXxlhTij1wH0vdmOIH3k-0FYGtncA=s32-c-k-c0x00ffffff-no-rj,32,64,64x64,https://yt4.ggpht.com/ytc/AAUvwngmkbeyKYXxlhTij1wH0vdmOIH3k-0FYGtncA=s64-c-k-c0x00ffffff-no-rj,64,B√¥n Nguy·ªÖn,,,,,,,,,,,,,,,,,,,,,,,,,,,,,,,Ch√∫c SK Anh V√î VA v√† Gƒê,CkUKGkNPR2kxYzdXX084Q0Zmb0RyUVlkN01JQUNBEidDTmFDODhiV19POENGUThHWUFvZFFWSUdDQTE2MTgzNjY5MjYzNDY%3D,text_message,1200.87,20:00,1618366927557003
add_chat_item,,,UCQZGId4zmGjzieujgs2aI6g,source,https://yt4.ggpht.com/ytc/AAUvwngKiqEL58FvfEUWS3DckAHZ-k7PGXp6T0MQ6Q,32,32x32,https://yt4.ggpht.com/ytc/AAUvwngKiqEL58FvfEUWS3DckAHZ-k7PGXp6T0MQ6Q=s32-c-k-c0x00ffffff-no-rj,32,64,64x64,https://yt4.ggpht.com/ytc/AAUvwngKiqEL58FvfEUWS3DckAHZ-k7PGXp6T0MQ6Q=s64-c-k-c0x00ffffff-no-rj,64,Huyen Ngoba,,,,,,,,,,,,,,,,,,,,,,,,,,,,,,,ch√†o anh D≈©ng v√† ban bi√™n t·∫≠p nhi·ªÅu s·ª©c kh·ªèe,CkUKGkNPblMtdTdXX084Q0ZUVVhmUW9kTThRQ0JREidDSzNLMV9uVV9POENGVTQyV0FvZGlTME50QTE2MTgzNjY5OTQ2MDM%3D,text_message,1268.498,21:08,1618366995278244
add_chat_item,,,UC50aYWcA00GtxVOCZTyLC-g,source,https://yt4.ggpht.com/ytc/AAUvwni8VZPPSGGA-ChqrL71pu6KLwpa4YVr340V7A,32,32x32,https://yt4.ggpht.com/ytc/AAUvwni8VZPPSGGA-ChqrL71pu6KLwpa4YVr340V7A=s32-c-k-c0x00ffffff-no-rj,32,64,64x64,https://yt4.ggpht.com/ytc/AAUvwni8VZPPSGGA-ChqrL71pu6KLwpa4YVr340V7A=s64-c-k-c0x00ffffff-no-rj,64,Vi·ªát Ho√†ng,,,,,,,,,,,,,,,,,,,,,,,,,,,,,,,"ƒë∆∞·ªùng t√¢y 50 nƒÉm ch∆∞a h·ªèng, ƒë∆∞·ªùng ta 5 nƒÉm b√©t nh√®.",CkUKGkNMdmN6b2JYX084Q0Zac3ZyUVlkWlk0T1V3EidDS3VJX3ZmV19POENGUVZYV0FvZEk0RUs0QTE2MTgzNjcwNDQwNzI%3D,text_message,1318.288,21:58,1618367044890220
add_chat_item,,,UCvFW-pLOZKzrB36OEgrpZLA,source,https://yt4.ggpht.com/ytc/AAUvwniQ0kWu3Pafogh6SVPX2JmhjWAQYiEdI0ycrw,32,32x32,https://yt4.ggpht.com/ytc/AAUvwniQ0kWu3Pafogh6SVPX2JmhjWAQYiEdI0ycrw=s32-c-k-c0x00ffffff-no-rj,32,64,64x64,https://yt4.ggpht.com/ytc/AAUvwniQ0kWu3Pafogh6SVPX2JmhjWAQYiEdI0ycrw=s64-c-k-c0x00ffffff-no-rj,64,Oanh Hoanghu∆° uggbbb.,,,,,,,,,,,,,,,,,,,,,,,,,,,,,,,"dai hoi den ngoi im , xong van thanh vong tot dep",CkUKGkNJN0ptN1RYX084Q0Zka1FyUVlkOVB3QThnEidDTUttME9yV19POENGUThHWUFvZFFWSUdDQTE2MTgzNjcxNDAyNjg%3D,text_message,1413.326,23:33,1618367140521168
add_chat_item,,,UC50aYWcA00GtxVOCZTyLC-g,source,https://yt4.ggpht.com/ytc/AAUvwni8VZPPSGGA-ChqrL71pu6KLwpa4YVr340V7A,32,32x32,https://yt4.ggpht.com/ytc/AAUvwni8VZPPSGGA-ChqrL71pu6KLwpa4YVr340V7A=s32-c-k-c0x00ffffff-no-rj,32,64,64x64,https://yt4.ggpht.com/ytc/AAUvwni8VZPPSGGA-ChqrL71pu6KLwpa4YVr340V7A=s64-c-k-c0x00ffffff-no-rj,64,Vi·ªát Ho√†ng,,,,,,,,,,,,,,,,,,,,,,,,,,,,,,,qua tc m√† ch·∫°y cao t·ªëc c·ªßa h·ªç. sao h·ªç l√†m t·ªët th·∫ø m√† qua ziecnom l√†m nh∆∞ lu·ªìn,CkUKGkNQMzl6Y2JYX084Q0ZiTWFyUVlkTlpnRDF3EidDS3VJX3ZmV19POENGUVZYV0FvZEk0RUs0QTE2MTgzNjcxNzgyODA%3D,text_message,1452.227,24:12,1618367179095840
add_chat_item,,,UCJq_IwNcJOVwsMYMgDrWDFQ,source,https://yt4.ggpht.com/ytc/AAUvwniMWanX9Ba3HiOoU04o34KvKwZdeICPHCwYoQ,32,32x32,https://yt4.ggpht.com/ytc/AAUvwniMWanX9Ba3HiOoU04o34KvKwZdeICPHCwYoQ=s32-c-k-c0x00ffffff-no-rj,32,64,64x64,https://yt4.ggpht.com/ytc/AAUvwniMWanX9Ba3HiOoU04o34KvKwZdeICPHCwYoQ=s64-c-k-c0x00ffffff-no-rj,64,Ngocyen Ho,,,,,,,,,,,,,,,,,,,,,,,,,,,,,,,Ch√†o Vova Th·ªùi B√°o CHTV üëç‚ù§,CkUKGkNPZTZqNV9ZX084Q0Zac3ZyUVlkWlk0T1V3EidDUEdOOUlyWV9POENGWVlLV0FvZGphNER4QTE2MTgzNjczNjMyODk%3D,text_message,1638.104,27:18,1618367364717974
add_chat_item,,,UClZ8byfHaJnI3zq7mTERP-g,source,https://yt4.ggpht.com/ytc/AAUvwnjDPQ0tAHKdnhozbUOtWlbE-6alOiVT7VCxOw,32,32x32,https://yt4.ggpht.com/ytc/AAUvwnjDPQ0tAHKdnhozbUOtWlbE-6alOiVT7VCxOw=s32-c-k-c0x00ffffff-no-rj,32,64,64x64,https://yt4.ggpht.com/ytc/AAUvwnjDPQ0tAHKdnhozbUOtWlbE-6alOiVT7VCxOw=s64-c-k-c0x00ffffff-no-rj,64,Nh∆∞ Qu·ª≥nh,,,,,,,,,,,,,,,,,,,,,,,,,,,,,,,rieng vu thuoc phac ma nhan Dan yeu cau phai tu hinh ke pham toi,CkUKGkNLN2RsS3ZZX084Q0Zmb0RyUVlkN01JQUNBEidDT0RCcVBQVV9POENGYnhEOVFVZGhlRVBzdzE2MTgzNjc0MDM5MTE%3D,text_message,1663.422,27:43,1618367389970140
add_chat_item,,,UC50aYWcA00GtxVOCZTyLC-g,source,https://yt4.ggpht.com/ytc/AAUvwni8VZPPSGGA-ChqrL71pu6KLwpa4YVr340V7A,32,32x32,https://yt4.ggpht.com/ytc/AAUvwni8VZPPSGGA-ChqrL71pu6KLwpa4YVr340V7A=s32-c-k-c0x00ffffff-no-rj,32,64,64x64,https://yt4.ggpht.com/ytc/AAUvwni8VZPPSGGA-ChqrL71pu6KLwpa4YVr340V7A=s64-c-k-c0x00ffffff-no-rj,64,Vi·ªát Ho√†ng,,,,,,,,,,,,,,,,,,,,,,,,,,,,,,,"c·ª•c d∆∞·ª£c b√©o m√∫p , th·ªãt gi·ªù n√†y c√≤n h∆°i ch·∫≠m.",CkUKGkNPTE04c3ZZX084Q0ZaZ0xyUVlkM19jSlRREidDS3VJX3ZmV19POENGUVZYV0FvZEk0RUs0QTE2MTgzNjc0NTc4MDA%3D,text_message,1731.576,28:51,1618367458616967
add_chat_item,,,UCRjCeqd7MvE8bzUicfDOJbg,source,https://yt4.ggpht.com/ytc/AAUvwnhxy3E13NV8wMpWV7-UiqeXDalEi4pqQPy_6L2PgQ,32,32x32,https://yt4.ggpht.com/ytc/AAUvwnhxy3E13NV8wMpWV7-UiqeXDalEi4pqQPy_6L2PgQ=s32-c-k-c0x00ffffff-no-rj,32,64,64x64,https://yt4.ggpht.com/ytc/AAUvwnhxy3E13NV8wMpWV7-UiqeXDalEi4pqQPy_6L2PgQ=s64-c-k-c0x00ffffff-no-rj,64,Thu·ª∑ Tr·∫ßn,,,,,,,,,,,,,,,,,,,,,,,,,,,,,,,Ch√†o anh Vova,CkUKGkNNcUVpSVBaX084Q0ZaZ0xyUVlkM19jSlRREidDTTJhNk9fWV9POENGUlJGWUFvZFJfa1BiZzE2MTgzNjc1NzM4ODk%3D,text_message,1847.588,30:47,1618367574311536
add_chat_item,,,UC04ReD62L4QvzwngZiZYpdA,source,https://yt4.ggpht.com/ytc/AAUvwniRNDzBLjFxu49uEftptT9VoVg2phfXpaJtcQ,32,32x32,https://yt4.ggpht.com/ytc/AAUvwniRNDzBLjFxu49uEftptT9VoVg2phfXpaJtcQ=s32-c-k-c0x00ffffff-no-rj,32,64,64x64,https://yt4.ggpht.com/ytc/AAUvwniRNDzBLjFxu49uEftptT9VoVg2phfXpaJtcQ=s64-c-k-c0x00ffffff-no-rj,64,Ph∆∞∆°ng Nguy·ªÖn,,,,,,,,,,,,,,,,,,,,,,,,,,,,,,,ch√†o anh vova,CkUKGkNLVHh3OGZaX084Q0Zac3ZyUVlkWlk0T1V3EidDTWFzMzdqWl9POENGWUlGV0FvZFNXSURIUTE2MTgzNjc3MTY5ODk%3D,text_message,1991.105,33:11,1618367717898449
add_chat_item,,,UCUQXTIpnSAjDweuzcsqVEFQ,source,https://yt4.ggpht.com/ytc/AAUvwnjoIMixOWMAhaAU38USvJydugKwd3lUVPbQRDhXoA,32,32x32,https://yt4.ggpht.com/ytc/AAUvwnjoIMixOWMAhaAU38USvJydugKwd3lUVPbQRDhXoA=s32-c-k-c0x00ffffff-no-rj,32,64,64x64,https://yt4.ggpht.com/ytc/AAUvwnjoIMixOWMAhaAU38USvJydugKwd3lUVPbQRDhXoA=s64-c-k-c0x00ffffff-no-rj,64,Gi√≥ B·ª•i Phong Tr·∫ßn,,,,,,,,,,,,,,,,,,,,,,,,,,,,,,,"ch√†o Anh dung loova ch√∫c anh m·∫°nh kh·ªèe ,,,,,,,,üíØüíØüíØüíØüíØüíØüíØüíØüíØüíØüíØüíØüíØüíØüíØüíØüíØüíØüíØüíØüíØüíØüíØüíØ",CkUKGkNMVzIxczdaX084Q0ZSTU5yUVlkVVRFQzJBEidDS3pBcjZIWl9POENGZGFBd2dvZHBsWUthZzE2MTgzNjc3MzIyNTM%3D,text_message,2006.333,33:26,1618367732882339
add_chat_item,,,UCZ7n_m682AKBaDFvBWmhrWg,source,https://yt4.ggpht.com/ytc/AAUvwng-WxWgKuuamrC_75ByekiLTsE-8ltSdodtVO0R,32,32x32,https://yt4.ggpht.com/ytc/AAUvwng-WxWgKuuamrC_75ByekiLTsE-8ltSdodtVO0R=s32-c-k-c0x00ffffff-no-rj,32,64,64x64,https://yt4.ggpht.com/ytc/AAUvwng-WxWgKuuamrC_75ByekiLTsE-8ltSdodtVO0R=s64-c-k-c0x00ffffff-no-rj,64,Th·∫Øng L√™,,,,,,,,,,,,,,,,,,,,,,,,,,,,,,,ch√†o.emvovacsk ch√†o qu√Ω b·∫°n 3 v nh∆∞ qu·ª≥nh csk v√† moi s·ª± an l√†nh ƒë·∫øn v·ªõi b·∫°n b·∫°n h√£y. v·ªÅ g·∫•p ngh·ªá An v·ªÅ v·ª• cha H∆∞ng nh√©,CkUKGkNMSFB0djNaX084Q0ZiTWFyUVlkTlpnRDF3EidDSmVzaEl6Wl9POENGWlhCVEFJZDI5MEVnUTE2MTgzNjc4MjgzMDM%3D,text_message,2104.309,35:04,1618367830927327
